use hotelbookingdb;
insert into role(name) values ('User');
insert into role(name) values ('HotelManager');


insert into typeroom(name) values('Vip');
insert into typeroom(name) values('Thường');

INSERT INTO province VALUES
	(1,'An Giang'),
    (2,'Bà rịa – Vũng tàu'),
    (3,'Bắc Giang'),
    (4,'Bắc Kạn'),
    (5,'Bạc Liêu'),
    (6,'Bắc Ninh'),
    (7,'Bến Tre'),
    (8,'Bình Định'),
    (9,'Bình Dương'),
    (10,'Bình Phước'),
    (11,'Bình Thuận'),
    (12,'Cà Mau'),
    (13,'Cần Thơ'),
    (14,'Cao Bằng '),
    (15,'Đà Nẵng'),
    (16,'Đắk Lắk'),
    (17,'Đắk Nông'),
    (18,'Điện Biên'),
    (19,'Đồng Nai'),
    (20,'Đồng Tháp'),
    (21,'Gia Lai'),
    (22,'Hà Giang'),
    (23,'Hà Nam'),
    (24,'Hà Nội '),
    (25,'Hà Tĩnh'),
    (26,'Hải Dương'),
    (27,'Hải Phòng'),
    (28,'Hậu Giang'),
    (29,'Hòa Bình'),
    (30,'Hưng Yên'),
    (31,'Khánh Hòa'),
    (32,'Kiên Giang'),
    (33,'Kon Tum'),
    (34,'Lai Châu'),
    (35,'Lâm Đồng'),
    (36,'Lạng Sơn'),
    (37,'Lào Cai'),
    (38,'Long An'),
    (39,'Nam Định'),
    (40,'Nghệ An'),
    (41,'Ninh Bình'),
    (42,'Ninh Thuận'),
    (43,'Phú Thọ'),
    (44,'Phú Yên'),
    (45,'Quảng Bình'),
    (46,'Quảng Nam'),
    (47,'Quảng Ngãi'),
    (48,'Quảng Ninh'),
    (49,'Quảng Trị'),
    (50,'Sóc Trăng'),
    (51,'Sơn La'),
    (52,'Tây Ninh'),
    (53,'Thái Bình'),
    (54,'Thái Nguyên'),
    (55,'Thanh Hóa'),
    (56,'Thừa Thiên Huế'),
    (57,'Tiền Giang'),
    (58,'Thành phố Hồ Chí Minh'),
    (59,'Trà Vinh'),
    (60,'Tuyên Quang'),
    (61,'Vĩnh Long'),
    (62,'Vĩnh Phúc');
    
    
insert into user(username,password,firstname,lastname,birthday,gender,phonenumber,email,roleid) values ('vienne1','123456','Hoang',' Vien','2002-05-28',true,'0232223501','vienne1@gmail.com',2);
insert into user(username,password,firstname,lastname,birthday,gender,phonenumber,email,roleid) values ('vienne2','123456','Hoang',' Vien','2002-05-28',true,'0293535302','vienne2@gmail.com',2);
insert into user(username,password,firstname,lastname,birthday,gender,phonenumber,email,roleid) values ('vienne3','123456','Hoang',' Vien','2002-05-28',true,'0232223503','vienne3@gmail.com',2);
insert into user(username,password,firstname,lastname,birthday,gender,phonenumber,email,roleid) values ('vienne4','123456','Hoang',' Vien','2002-05-28',true,'0232223504','vienne4@gmail.com',2);
insert into user(username,password,firstname,lastname,birthday,gender,phonenumber,email,roleid) values ('vienne5','123456','Hoang',' Vien','2002-05-28',true,'0232223505','vienne5@gmail.com',2);
insert into user(username,password,firstname,lastname,birthday,gender,phonenumber,email,roleid) values ('vienne6','123456','Hoang',' Vien','2002-05-28',true,'0232223506','vienne6@gmail.com',2);
insert into user(username,password,firstname,lastname,birthday,gender,phonenumber,email,roleid) values ('vienne7','123456','Hoang',' Vien','2002-05-28',true,'0232223507','vienne7@gmail.com',2);
insert into user(username,password,firstname,lastname,birthday,gender,phonenumber,email,roleid) values ('vienne8','123456','Hoang',' Vien','2002-05-28',true,'0232223508','vienne8@gmail.com',2);
insert into user(username,password,firstname,lastname,birthday,gender,phonenumber,email,roleid) values ('vienne9','123456','Hoang',' Vien','2002-05-28',true,'0232223509','vienne9@gmail.com',2);
insert into user(username,password,firstname,lastname,birthday,gender,phonenumber,email,roleid) values ('vienne10','123456','Hoang',' Vien','2002-05-28',true,'0232223510','vienne10@gmail.com',2);
insert into user(username,password,firstname,lastname,birthday,gender,phonenumber,email,roleid) values ('vienne11','123456','Hoang',' Vien','2002-05-28',true,'0232223511','vienne11@gmail.com',2);
insert into user(username,password,firstname,lastname,birthday,gender,phonenumber,email,roleid) values ('vienne12','123456','Hoang',' Vien','2002-05-28',true,'0232223512','vienne12@gmail.com',2);
insert into user(username,password,firstname,lastname,birthday,gender,phonenumber,email,roleid) values ('vienne13','123456','Hoang',' Vien','2002-05-28',true,'0232223513','vienne13@gmail.com',2);
insert into user(username,password,firstname,lastname,birthday,gender,phonenumber,email,roleid) values ('vienne14','123456','Hoang',' Vien','2002-05-28',true,'0232223514','vienne14@gmail.com',2);
insert into user(username,password,firstname,lastname,birthday,gender,phonenumber,email,roleid) values ('vienne15','123456','Hoang',' Vien','2002-05-28',true,'0232223515','vienne15@gmail.com',2);
insert into user(username,password,firstname,lastname,birthday,gender,phonenumber,email,roleid) values ('vienne16','123456','Hoang',' Vien','2002-05-28',true,'0232223516','vienne16@gmail.com',2);


insert into user(username,password,firstname,lastname,birthday,gender,phonenumber,email,roleid) values ('vienne17','123456','Hoang',' Vien','2002-05-28',true,'0232223517','vienne17@gmail.com',2);
insert into user(username,password,firstname,lastname,birthday,gender,phonenumber,email,roleid) values ('vienne18','123456','Hoang',' Vien','2002-05-28',true,'0232223518','vienne18@gmail.com',2);
insert into user(username,password,firstname,lastname,birthday,gender,phonenumber,email,roleid) values ('vienne19','123456','Hoang',' Vien','2002-05-28',true,'0232223519','vienne19@gmail.com',2);
insert into user(username,password,firstname,lastname,birthday,gender,phonenumber,email,roleid) values ('vienne20','123456','Hoang',' Vien','2002-05-28',true,'0232223520','vienne20@gmail.com',2);
insert into user(username,password,firstname,lastname,birthday,gender,phonenumber,email,roleid) values ('vienne21','123456','Hoang',' Vien','2002-05-28',true,'0232223521','vienne21@gmail.com',2);
insert into user(username,password,firstname,lastname,birthday,gender,phonenumber,email,roleid) values ('vienne22','123456','Hoang',' Vien','2002-05-28',true,'0232223522','vienne22@gmail.com',2);
insert into user(username,password,firstname,lastname,birthday,gender,phonenumber,email,roleid) values ('vienne23','123456','Hoang',' Vien','2002-05-28',true,'0232223523','vienne23@gmail.com',2);
insert into user(username,password,firstname,lastname,birthday,gender,phonenumber,email,roleid) values ('vienne24','123456','Hoang',' Vien','2002-05-28',true,'0232223524','vienne24@gmail.com',2);
insert into user(username,password,firstname,lastname,birthday,gender,phonenumber,email,roleid) values ('vienne25','123456','Hoang',' Vien','2002-05-28',true,'0232223525','vienne25@gmail.com',2);
insert into user(username,password,firstname,lastname,birthday,gender,phonenumber,email,roleid) values ('vienne26','123456','Hoang',' Vien','2002-05-28',true,'0232223526','vienne26@gmail.com',2);
insert into user(username,password,firstname,lastname,birthday,gender,phonenumber,email,roleid) values ('vienne27','123456','Hoang',' Vien','2002-05-28',true,'0232223527','vienne27@gmail.com',2);
insert into user(username,password,firstname,lastname,birthday,gender,phonenumber,email,roleid) values ('vienne28','123456','Hoang',' Vien','2002-05-28',true,'0232223528','vienne28@gmail.com',2);
insert into user(username,password,firstname,lastname,birthday,gender,phonenumber,email,roleid) values ('vienne29','123456','Hoang',' Vien','2002-05-28',true,'0232223529','vienne29@gmail.com',2);
insert into user(username,password,firstname,lastname,birthday,gender,phonenumber,email,roleid) values ('vienne30','123456','Hoang',' Vien','2002-05-28',true,'0232223530','vienne30@gmail.com',2);
insert into user(username,password,firstname,lastname,birthday,gender,phonenumber,email,roleid) values ('vienne31','123456','Hoang',' Vien','2002-05-28',true,'0232223531','vienne31@gmail.com',2);
insert into user(username,password,firstname,lastname,birthday,gender,phonenumber,email,roleid) values ('vienne32','123456','Hoang',' Vien','2002-05-28',true,'0232223532','vienne32@gmail.com',2);

insert into hotel(user_id,province_id,hotel_name,room_quantity,hotel_desc,hotel_address,hotel_phone,hotel_email) values(1,15,'Hyatt Regency Danang Resort and Spa',2,'Hyatt Regency Danang Resort & Spa là khu nghỉ dưỡng được du khách đánh giá cao tại Đà Nẵng. Với các dịch vụ đa dạng, phục vụ đầy đủ nhu cầu thiết yếu của du khách tới thăm, có lẽ không điểm lưu trú nào lý tưởng bằng Hyatt Regency Danang Resort & Spa. Bên cạnh đó, trang thiết bị nội thất và khuôn viên của khách sạn cũng có sức chứa lớn, du khách không cần phải lo lắng tình trạng đông đúc, quá tải mùa du lịch.','5, Trường Sa, Quận Ngũ Hành Sơn, Đà Nẵng','0236 3981 234','hyatt@gmail.com');
insert into hotel(user_id,province_id,hotel_name,room_quantity,hotel_desc,hotel_address,hotel_phone,hotel_email) values(2,15,'Da Nang - Mikazuki Japanese Resorts & Spa',2,'Mang nét văn hóa tinh túy đậm đà Á Đông, Nhật Bản là nơi vẻ đẹp thiên nhiên, văn hóa và ẩm thực luôn được ca tụng. Với tinh thần lan tỏa tinh hoa văn hóa Nhật Bản trên đất Việt, Danang Mikazuki được lấy cảm hứng là nơi đất trời hội tụ và nhịp sống bắt đầu. Đến với chúng tôi để sẵn sàng cho một hành trình khám phá đầy thú vị với những giá trị chuẩn Nhật chưa từng có.

Được tạo hóa ưu đãi với bờ biển trong xanh quyến rũ, Vịnh Đà Nẵng là nơi tọa lạc của Da Nang Mikazuki Japanese Resorts & Spa. Trên diện tích 13 hecta, khu nghỉ dưỡng mang đến cho bạn nhiều loại hình dịch vụ hấp dẫn, mang đậm bản sắc văn hóa Nhật Bản.','Đường Nguyễn Tất Thành, Quận Liên Chiểu, Đà Nẵng','0236 3774 555','info@danangmikazuki.com');
insert into hotel(user_id,province_id,hotel_name,room_quantity,hotel_desc,hotel_address,hotel_phone,hotel_email) values(3,15,'Danang Golden Bay',2,'Danang Golden Bay – khách sạn 5 sao với những dịch vụ nghỉ dưỡng sang trọng và đẳng cấp. Sở hữu địa thế tuyệt vời nơi của dòng sông Hàn đổ ra biển Đông xanh ngắt, khách sạn Danang Golden Bay là điểm giao thoa hòa hợp giữa núi, trời và biển, là địa điểm lý tưởng khởi đầu cho hành trình khám phá thành phố Đà Nẵng năng động, vẻ đẹp quyến rũ của biển Đà Nẵng, Bán đảo Sơn Trà xanh tươi và khám phá hành trình di sản miền Trung từ Cố đô Huế cổ kính, Hội An thơ mộng hay thánh địa Mỹ Sơn huyền bí.','01, Lê Văn Duyệt, Quận Sơn Trà, Đà Nẵng','0236 3 878 999','info@dananggoldenbay.com');
insert into hotel(user_id,province_id,hotel_name,room_quantity,hotel_desc,hotel_address,hotel_phone,hotel_email) values(4,15,'Pullman Danang Beach Resort',2,'Pullman Danang Beach Resort là khách sạn thuộc tập đoàn ACCOR GROUP – tập đoàn khách sạn hàng đầu thế giới  mang tới du khách những trải nghiệm độc đáo và ý nghĩa với hơn 5.100 khách sạn và 10.000 nhà hàng trên 110 đất nước. Tập đoàn có một trong những hệ sinh thái đa dạng và tích hợp đầy đủ nhất ngành khách sạn với chuỗi các thương hiệu sang trọng và cao cấp, các dịch vụ tầm trung và phổ thông, những khái niệm phong cách sống độc đáo, các địa điểm giải trí, nhà hàng và quán bar, các khu bất động sản cho thương hiệu, không gian làm việc chia sẻ.','101, Võ Nguyên Giáp, Quận Ngũ Hành Sơn, Đà Nẵng','0236 395 8888','h8838@accor.com');
insert into hotel(user_id,province_id,hotel_name,room_quantity,hotel_desc,hotel_address,hotel_phone,hotel_email) values(5,15,'Altara Suites By RiYaz',2,'Với tiện nghi vượt bậc, Altara Suites là lựa chọn lý tưởng để tái tạo năng lượng và thư giãn. Khách sạn sở hữu những căn hộ được thiết kế theo phong cách hậu hiện đại, dưới bàn tay sáng tạo của kiến trúc sư nổi tiếng thế giới Salvador Perez Arroyo. Mỗi căn hộ kết nối khéo léo giữa không gian trong và ngoài khách sạn, du khách cỏ thể thưởng ngoạn khung cảnh tuyệt mỹ của thành phố Đà Nẵng với biển, núi, trời xung quanh.','120 Võ Nguyên Giáp, Phường Phước Mỹ, Quận Sơn Trà, Thành phố Đà Nẵng','0236 2687979','info@altarasuites.com');
insert into hotel(user_id,province_id,hotel_name,room_quantity,hotel_desc,hotel_address,hotel_phone,hotel_email) values(6,15,'Four Points by Sheraton Đà Nẵng',2,'Four Points by Sheraton Danang tọa lạc tại khu Bãi biển Mỹ Khê thuộc thành phố Đà Nẵng, nằm trong bán kính 2 km từ Cầu Sông Hàn và 2,3 km từ Cầu tàu Tình yêu. Khách sạn nằm cách Trung tâm thương mại Indochina Riverside 2,3 km.','120 Võ Nguyên Giáp, Street, Sơn Trà, Đà Nẵng','0236 3997 979','fourseason@gmail.com');
insert into hotel(user_id,province_id,hotel_name,room_quantity,hotel_desc,hotel_address,hotel_phone,hotel_email) values(7,15,'Melia Danang Beach Resort',2,'Nằm bên bãi biển Non Nước thơ mộng, nhìn ra bán đảo Sơn Trà và cù lao Chàm, Resort Bãi biển Meliá Đà Nẵng chính là một khu resort bãi biển nhiệt đới xinh đẹp điển hình.
Tại Melia Danang Resort, du khách có thể thưởng thức ẩm thực Việt Nam tại nhà hàng Nam Viet trong khi ẩm thực Á-Âu được phục vụ tại nhà hàng Market Place. Hải sản tươi ngon và cocktail có tại Cape Nao Beach Club và Brezza Beach Club với góc nhìn lãng mạn ra biển.','19, Trường Sa, Quận Ngũ Hành Sơn, Đà Nẵng','0236 3929 888','reservations@meliadanang.com');
insert into hotel(user_id,province_id,hotel_name,room_quantity,hotel_desc,hotel_address,hotel_phone,hotel_email) values(8,15,'Vinpearl Condotel Riverfront Da Nang',2,'Vinpearl Condotel Riverfront Đà Nẵng là tòa khách sạn căn hộ có kiến trúc hiện đại với tầm nhìn panorama 360 độ độc đáo hướng trực diện sông Hàn, cầu Rồng và biển Mỹ Khê, ôm trọn vào lòng khung cảnh thành phố hoa lệ và sống động cùng nhiều tiện ích thời thượng bậc nhất như nhà hàng trên tầng cao sang trọng, hồ bơi vô cực, Vincharm Spa, phòng thể hình... Khách sạn được World Travel Awards – giải Oscar của ngành Du lịch vinh danh là "Khách sạn hướng sông hàng đầu Việt Nam" năm 2019.','341, Trần Hưng Đạo, Quận Sơn Trà, Đà Nẵng','1900 636699','callcenter@vinpearl.com');
insert into hotel(user_id,province_id,hotel_name,room_quantity,hotel_desc,hotel_address,hotel_phone,hotel_email) values(9,46,'Citadines Pearl Hội An',2,'Hội An được người dân khắp cả nước Việt Nam nói riêng và thế giới nói chung biết đến bởi vẻ đẹp truyền thống, bởi những nét đẹp thống nhất, cổ kính trong lối kiến trúc độc đáo thể hiện qua những ngôi nhà màu vàng hai tầng. Và để làm tô điểm thêm những nét độc đáo cho một vùng đất đặc biệt, “viên ngọc xanh” Citadines Pearl Hoi An đã hiện diện ở đây để được cùng trải qua với những vị khách đáng mến ngắm nhìn từng ngõ ngách nơi này. Khoảnh khắc này, hãy để Tico Travel cùng quý khách đi tham quan khu nghỉ dưỡng này để xem nơi này có thực sự đáng giá. ','Khối Phố An Bàng, Cẩm An, Thành Phố Hội An, Quảng Nam','0235 2208 888','citapearls@gmail.com');
insert into hotel(user_id,province_id,hotel_name,room_quantity,hotel_desc,hotel_address,hotel_phone,hotel_email) values(10,46,'Allegro Hội An . A Little Luxury Hotel & Spa',2,'Allegro Hoi An - Little Luxury Hotel & Spa tọa lạc tại thành phố Hội An thuộc tỉnh Quảng Nam, cách Chùa cầu Nhật Bản và Hội Quán Quảng Đông 400 m. Khách sạn có hồ bơi ngoài trời mở cửa quanh năm, đồng thời cung cấp miễn phí xe đạp cho khách sử dụng và dịch vụ đưa đón tới Phố Cổ Hội An và Bãi Biển An Bàng đối với khách lưu trú.','86, Trần Hưng Đạo, Thành Phố Hội An, Quảng Nam','0235 3529 999','allegro@gmail.com');
insert into hotel(user_id,province_id,hotel_name,room_quantity,hotel_desc,hotel_address,hotel_phone,hotel_email) values(11,46,'Le Pavillon Hội An Paradise Hotel & Spa',2,'Chào mừng bạn đến với Le Pavillon Hội An Paradise, khách sạn 4 sao nằm trên trục đường chính nối liền làng rau Trà Quế và Đô thị cổ Hội An. Le Pavilion Hội An Paradise là sự pha lẫn của lối kiến trúc đương đại và nét cổ điển của phương Tây, kết hợp với cách bày trí bằng đèn lồng mang đậm chất phố hội cổ kính nhưng đầy sự tinh tế. Với quy mô 50 phòng , nổi bật với hồ bơi trên tầng thượng sẽ mang đến cho bạn một trải nghiệm tuyệt vời khi vừa có thể đẵm mình trong làn nước mát vừa có thể ngắm hoàng hôn buông xuống nơi cuối chân trời. Tận hưởng sự hài hòa cảm giác giữa không gian hòa quyện với một thiên đường thanh bình.','508 Đ. Hai Bà Trưng, Cẩm Sơn, Hội An','0235 6276 666','resa-paradise@lepavillonhoiangroup.com');
insert into hotel(user_id,province_id,hotel_name,room_quantity,hotel_desc,hotel_address,hotel_phone,hotel_email) values(12,46,'Le Belhamy Hoi An Resort and Spa',2,'Chỗ nghỉ này cách bãi biển 1 phút đi bộ. Le Belhamy Resort & Spa nằm trên bãi biển riêng ở Bờ biển Hà My. Khu nghỉ mát nhiệt đới này có 2 hồ bơi ngoài trời và xe đưa đón miễn phí theo lịch trình đến Hội An.','Biển Hà My, Quảng Nam','0235 3941 888','lebelhamy@gmail.com');
insert into hotel(user_id,province_id,hotel_name,room_quantity,hotel_desc,hotel_address,hotel_phone,hotel_email) values(13,56,'Khách sạn Senna Huế',2,'Tọa lạc tại trung tâm thành phố Huế, chỉ cách Sân bay Phú Bài 14 km, với thiết kế hiện đại cổ điển, khách sạn Senna Huế cung cấp rất nhiều dịch vụ sang trọng. Ở đây, phép lịch sự và lòng tốt là nền tảng của lòng hiếu khách tuyệt vời, tạo ra một trải nghiệm độc đáo. Hãy tận hưởng kỳ nghỉ thoải mái tại những căn phòng sang trọng của chúng tôi.','7, Nguyễn Tri Phương, Thành Phố Huế, Thừa Thiên Huế','0234 3858 686','reservation@sennahue.com');
insert into hotel(user_id,province_id,hotel_name,room_quantity,hotel_desc,hotel_address,hotel_phone,hotel_email) values(14,56,'Khách Sạn Imperial Huế',2,'Nằm cách Cầu Trường Tiền chỉ 2 phút đi bộ, Imperial Hotel Hue có tầm nhìn ra Sông Hương thơ mộng và cung cấp chỗ nghỉ ấm cúng với máy điều hòa. Khách sạn có WiFi tốc độ cao miễn phí, hồ bơi ngoài trời, 3 địa điểm ăn uống, quán bar nhìn bao quát ra thành phố và chỗ đỗ xe miễn phí.','08 Hùng Vương, Phú Hội, Thành phố Huế, Thừa Thiên Huế','0234 3882 222','imperial@gmail.com');
insert into hotel(user_id,province_id,hotel_name,room_quantity,hotel_desc,hotel_address,hotel_phone,hotel_email) values(15,56,'Ancient Huế Garden Houses',2,'Ancient Hue Garden Houses is an elegant collection of five Imperial Garden Houses located in Kim Long village, adjacent to Hue’s Imperial Citadel. As an ideal gateway to the city’s magic, Ancient Hue Garden Houses offer a journey into Hue’s authentic mandarin residential area and lifestyle where tradition, poetry and spirit have been preserved over time.','47 Kiệt 104 Kim Long, Kim Long, Thành phố Huế, Thừa Thiên Huế','0234 3590 902','acienthotel@gmail.com');
insert into hotel(user_id,province_id,hotel_name,room_quantity,hotel_desc,hotel_address,hotel_phone,hotel_email) values(16,56,'Khách Sạn Emm Huế',2,'Tọa lạc tại khu trung tâm thành phố Huế, cách Sông Hương và Cầu Tràng Tiền 5 phút lái xe, khách sạn này cung cấp các phòng nghỉ lắp máy điều hòa, khu vườn, nhà hàng trong khuôn viên. Wi-Fi lẫn chỗ đỗ xe riêng đều được cung cấp miễn phí ngay trong khuôn viên.','15, Lý Thường Kiệt, Thành Phố Huế, Thừa Thiên Huế','0234 3828 255','emmhotel@gmail.com');


INSERT INTO `hotelbookingdb`.`hotel` (`user_id`, `province_id`, `hotel_name`, `hotel_desc`, `hotel_address`, `hotel_phone`, `hotel_email`, `room_quantity`) VALUES ('17', '15', 'Khách sạn Sala Đà Nẵng Beach', 'Đỗ xe và Wi-Fi luôn miễn phí, vì vậy quý khách có thể giữ liên lạc, đến và đi tùy ý. Nằm ở vị trí trung tâm tại Phước Mỹ của Đà Nẵng, chỗ nghỉ này đặt quý khách ở gần các điểm thu hút và tùy chọn ăn uống thú vị. Hãy nhớ dành một chút thời gian để thăm thú The Marble Mountains cũng như My Khe Beach gần đó. Được xếp hạng 4.5 sao, chỗ nghỉ chất lượng cao này cho phép khách nghỉ sử dụng mát-xa, bể bơi ngoài trời và bồn tắm nước nóng ngay trong khuôn viên.', '36 - 38 Lâm Hoành, Phước Mỹ, Đà Nẵng, Việt Nam', '0236 3658 555', 'saladanang@gmail.com', '2');
INSERT INTO `hotelbookingdb`.`hotel` (`user_id`, `province_id`, `hotel_name`, `hotel_desc`, `hotel_address`, `hotel_phone`, `hotel_email`, `room_quantity`) VALUES ('18', '15', 'HAIAN Beach Hotel & Spa', 'Khách sạn cao tầng và hiện đại này nằm đối diện Bãi biển Mỹ Khê và cách Sân bay Quốc tế Đà Nẵng 6 km.', '278 Võ Nguyên Giáp, Bắc Mỹ Phú, Ngũ Hành Sơn, Đà Nẵng', '0236 2228 666', 'info@haianbeachhotelspa.com', '2');
INSERT INTO `hotelbookingdb`.`hotel` (`user_id`, `province_id`, `hotel_name`, `hotel_desc`, `hotel_address`, `hotel_phone`, `hotel_email`, `room_quantity`) VALUES ('19', '15', 'Khách sạn Stella Maris Beach Đà Nẵng', 'Chỗ nghỉ này cách bãi biển 1 phút đi bộ. Tọa lạc tại thành phố Đà Nẵng, cách Bãi biển Mỹ Khê 150 m, Stella Maris Beach Danang cung cấp chỗ nghỉ với nhà hàng, chỗ đỗ xe riêng miễn phí, hồ bơi ngoài trời và trung tâm thể dục. Nằm trong bán kính 2 km từ Bãi biển Bắc Mỹ An và 1,9 km từ Cầu khóa Tình yêu, chỗ nghỉ này có quầy bar cũng như sảnh khách chung. Chỗ nghỉ cung cấp dịch vụ lễ tân 24 giờ, dịch vụ phòng và dịch vụ thu đổi ngoại tệ cho khách.', '03 Võ Văn Kiệt, Phước Mỹ, Sơn Trà, Đà Nẵng', '0236 3555 657', 'stellamaris@gmail.com', '2');
INSERT INTO `hotelbookingdb`.`hotel` (`user_id`, `province_id`, `hotel_name`, `hotel_desc`, `hotel_address`, `hotel_phone`, `hotel_email`, `room_quantity`) VALUES ('20', '15', 'Khách sạn The Nalod Đà Nẵng', 'Được biết đến như một địa điểm quan trọng trên con đường di sản miền Trung, thành phố Đà Nẵng được bao bọc bởi 3 di sản văn hóa thế giới: Huế, Hội An, Mỹ Sơn. Nơi đây được thiên nhiên ưu ái với những bãi cát trắng xõa mình đầy tinh khôi bên cung đường biển dài bất tận, những ngọn núi, đám mây, cung đèo tưởng chừng như đơn giản nhưng cũng tạo nên một Đà Nẵng đầy chất thơ với phong cảnh hữu tình.', '192 Võ Nguyên Giáp, Phước Mỹ, Sơn Trà, Đà Nẵng', '0236 3913 999', 'info@nalod.com.vn', '2');
INSERT INTO `hotelbookingdb`.`hotel` (`user_id`, `province_id`, `hotel_name`, `hotel_desc`, `hotel_address`, `hotel_phone`, `hotel_email`, `room_quantity`) VALUES ('21', '15', 'Mercure Danang French Village Bana Hills', 'Chào mừng đến với Mercure Danang French Village Bana Hills, một khách sạn độc đáo bậc nhất Việt Nam.Tọa lạc trên đỉnh núi Bà Nà, một địa điểm giải trí phức hợp nổi tiếng ở Việt Nam và gần đây là nổi tiếng khắp thế giới qua hình ảnh Cầu Vàng, Mercure Danang French Village Bana Hills sở hữu quang cảnh tự nhiên hùng vĩ và tầm nhìn tuyệt vời về thành phố Đà Nẵng từ độ cao 1,487 mét so với mực nước biển.', 'An Son Hoa Son Commune, Hòa Vang, Đà Nẵng', '0236 3799 888', 'H8488-RE@accor.com', '2');
INSERT INTO `hotelbookingdb`.`hotel` (`user_id`, `province_id`, `hotel_name`, `hotel_desc`, `hotel_address`, `hotel_phone`, `hotel_email`, `room_quantity`) VALUES ('22', '15', 'Khách Sạn Alani Đà Nẵng', 'Aria Hotel Đà Nẵng nằm cách sân bay San bay Quoc te Da Nang 5 km, cung cấp dịch vụ phòng 24 giờ, quầy lễ tân 24 giờ và dịch vụ hướng dẫn khách. Bảo tàng Điêu khắc Chăm Đà Nẵng nằm trong bán kính 2 km từ khách sạn đáng yêu, trong khi Cầu Sông Hàn cách đó 2 km.', '134 - 136 - 138, Trần Bạch Đằng, Quận Ngũ Hành Sơn, Đà Nẵng', '0236 3887 227', 'alanidana@gmail.com', '2');
INSERT INTO `hotelbookingdb`.`hotel` (`user_id`, `province_id`, `hotel_name`, `hotel_desc`, `hotel_address`, `hotel_phone`, `hotel_email`, `room_quantity`) VALUES ('23', '15', 'Vinpearl Condotel Riverfront Da Nang', 'Vinpearl Condotel Riverfront Đà Nẵng là tòa khách sạn căn hộ có kiến trúc hiện đại với tầm nhìn panorama 360 độ độc đáo hướng trực diện sông Hàn, cầu Rồng và biển Mỹ Khê, ôm trọn vào lòng khung cảnh thành phố hoa lệ và sống động cùng nhiều tiện ích thời thượng bậc nhất như nhà hàng trên tầng cao sang trọng, hồ bơi vô cực, Vincharm Spa, phòng thể hình... Khách sạn được World Travel Awards – giải Oscar của ngành Du lịch vinh danh là \"Khách sạn hướng sông hàng đầu Việt Nam\" năm 2019.', '341 Đ. Trần Hưng Đạo, An Hải Bắc, Sơn Trà, Đà Nẵng', '0236 3642 888', 'callcenter@vinpearl.com', '2');
INSERT INTO `hotelbookingdb`.`hotel` (`user_id`, `province_id`, `hotel_name`, `hotel_desc`, `hotel_address`, `hotel_phone`, `hotel_email`, `room_quantity`) VALUES ('24', '15', 'Khách sạn Mường Thanh Grand Đà Nẵng', 'Là thành viên thứ 18 của chuỗi khách sạn tư nhân lớn nhất Việt Nam, khách sạn 4 sao Mường Thanh Grand Đà Nẵng tọa lạc tại vị trí đắc địa, nằm giữa một bên là sông Hàn thơ mộng, một bên là bãi biển đẹp nhất Miền Trung. Với hệ thống gồm 370 phòng nghỉ cao cấp và 08 căn hộ hạng sang cùng với các dịch vụ giải trí như bể bơi, phòng gym, spa, karaoke, nhà hàng, bar...Mường Thanh Grand Đà Nẵng sẽ mang đến một không gian nghỉ dưỡng tuyệt vời và thuận lợi cho những chuyến công tác của quý khách.', 'Số 962  Ngô Quyền, An Hải Tây, Sơn Trà, Đà Nẵng', '0236 3929 929', 'info@danang.muongthanh.vn', '2');
INSERT INTO `hotelbookingdb`.`hotel` (`user_id`, `province_id`, `hotel_name`, `hotel_desc`, `hotel_address`, `hotel_phone`, `hotel_email`, `room_quantity`) VALUES ('25', '15', 'Khách Sạn Novotel Danang Premier Han River', 'Đà Nẵng là một trong những thành phố sôi động và rực rỡ sắc màu nhất ở Việt Nam. Nơi đây tự hào khi được thiên nhiên ban tặng những bãi biển tuyệt đẹp với bờ cát mịn màng, tinh khôi nằm trải dài; có cảng hàng không Quốc tế hiện đại và nhiều địa điểm văn hóa nổi tiếng nằm trong nội thành, để du khách có thể di chuyển thuận lợi. Chính vì thế, sẽ không có gì đáng ngạc nhiên khi thành phố xinh đẹp này lại thu hút nhiều mối quan tâm, cũng như sự yêu mến nồng hậu của du khách trong nước và quốc tế đến như vậy.', '36 Bạch Đằng, Street, Hải Châu, Đà Nẵng', '0236 3929 999', 'H8287@accor.com', '2');
INSERT INTO `hotelbookingdb`.`hotel` (`user_id`, `province_id`, `hotel_name`, `hotel_desc`, `hotel_address`, `hotel_phone`, `hotel_email`, `room_quantity`) VALUES ('26', '15', 'Khách Sạn Monarque Đà Nẵng', 'Khi đi du lịch thì chúng ta không thể không nhắc đến các thiên đường nghĩ dưỡng tại thành phố xinh đẹp này và KHÁCH SẠN MONARQUE là một trong số đó. Với 75 phòng nghỉ được thiết kế trang nhã, độc đáo mang phong cách tân cổ điển – hơi hướng Châu Âu, phòng ốc mới hiện đại sẽ mang đến cho bạn một trải nghiệm mới mẻ.', '238 Võ Nguyên Giáp, Phước Mỹ, Sơn Trà, Đà Nẵng', '0236 3588 888', 'info@monarquehotel.vn', '2');
INSERT INTO `hotelbookingdb`.`hotel` (`user_id`, `province_id`, `hotel_name`, `hotel_desc`, `hotel_address`, `hotel_phone`, `hotel_email`, `room_quantity`) VALUES ('27', '15', 'Khách Sạn KOVA Diamond Đà Nẵng', 'Chỗ nghỉ này cách bãi biển 6 phút đi bộ. Tọa lạc tại thành phố Đà Nẵng, khách sạn KOVA Diamond Hotel Da Nang bên bãi biển này có nhà hàng ngay trong khuôn viên. Nơi đây có các phòng nghỉ hiện đại với truy cập Wi-Fi miễn phí.', '27 Võ Văn Kiệt, Street, Sơn Trà, Đà Nẵng', '0236 3933 999', 'kovadiamondana@gmail.com', '2');
INSERT INTO `hotelbookingdb`.`hotel` (`user_id`, `province_id`, `hotel_name`, `hotel_desc`, `hotel_address`, `hotel_phone`, `hotel_email`, `room_quantity`) VALUES ('28', '15', 'Khách Sạn Fivitel Đà Nẵng', 'Đà Nẵng, thành phố của những cây cầu nổi tiếng và con sông Hàn hiền hòa. Fivitlel tọa lạc bên cạnh cầu Trần Thị Lý, nghiêng bóng bên dòng sông Hàn thơ mộng hứa hẹn sẽ mang lại cho quý khách một hành trình tìm về cảm xúc yên bình và lãng mạn. Được thiết kế theo phong  cách Âu-Á kết hợp, vừa mang nét truyền thống Á Đông vừa mang dáng dấp  cổ điển của kiến trúc Châu Âu, Fivitel sẽ là một điểm nhấn làm tăng thêm vẽ quyến rũ của dòng sông Hàn xinh đẹp. Với trang thiết bị hiện đại bằng đồng mạ vàng sang trọng và đội ngũ nhân viên chuyên nghiệp, nhiệt tình, Chúng tôi cam kết đem đến cho Quý khách những trãi nghiệm tuyệt vời nhất và  một kỳ nghỉ hơn cả sự mong đợi.', '388 Trần Hưng Đạo, Q. Sơn Trà, Tp. Đà Nẵng', '0236 3555 688', 'info@fivitel.com.vn', '2');
INSERT INTO `hotelbookingdb`.`hotel` (`user_id`, `province_id`, `hotel_name`, `hotel_desc`, `hotel_address`, `hotel_phone`, `hotel_email`, `room_quantity`) VALUES ('29', '15', 'Sanouva Danang Hotel', 'Hãy tự hỏi tại sao khách du lịch đã lựa chọn Sanouva Danang Hotel khi đến thăm Đà Nẵng. Khách sạn là sự tổng hợp của những giá trị lý tưởng, sự thoải mái và thuận tiện như khung cảnh dành cho gia đình cùng với những tiện nghi được thiết kế cho những du khách như bạn.', '68 Phan Châu Trinh, Hải Châu 1, Hải Châu, Đà Nẵng', '0236 3823 468', 'sanouva@gmail.com', '2');
INSERT INTO `hotelbookingdb`.`hotel` (`user_id`, `province_id`, `hotel_name`, `hotel_desc`, `hotel_address`, `hotel_phone`, `hotel_email`, `room_quantity`) VALUES ('30', '15', 'Cicilia Hotels & Spa Danang', 'Tất cả phòng nghỉ tại Cicilia đều được thiết kế sang trọng, trang nhã và tầm nhìn hướng biển lãng mạn, mang đến cho du khách cảm giác thư thái và bình yên nhất. Tại đây, mỗi ngày, bạn có thể thư thái thưởng thức cafe, ẩm thực thượng hạng tại hệ thống nhà hàng cao cấp của khách sạn, tắm nắng bên hồ bơi chính(hồ bơi vô cực; chiêm ngưỡng cảnh mặt trời mọc mỗi sớm mai; tận hưởng cảm giác thư giãn tuyệt đối tại Cicilia Spa hay luyện tập trong những phòng thể thao hiện đại, tiện nghi.', '6-8-10, Đỗ Bá, Quận Ngũ Hành Sơn, Đà Nẵng', '0236 3747 888', 'info@ciciliadanang.com', '2');
INSERT INTO `hotelbookingdb`.`hotel` (`user_id`, `province_id`, `hotel_name`, `hotel_desc`, `hotel_address`, `hotel_phone`, `hotel_email`, `room_quantity`) VALUES ('31', '15', 'Khách Sạn Greenery', 'Cách Bảo tàng Điêu khắc Chăm Đà Nẵng 2 km, Greenery Hotel cung cấp bể bơi ngoài trời, khu đỗ xe miễn phí và hồ bơi trên sân thượng. Khách sạn này cũng cách Cầu Tình yêu Đà Nẵng 1.6 km.', '76, Hà Bổng, Quận Sơn Trà, Đà Nẵng', '0236 3825 888', 'greenery@gmail.com', '2');
INSERT INTO `hotelbookingdb`.`hotel` (`user_id`, `province_id`, `hotel_name`, `hotel_desc`, `hotel_address`, `hotel_phone`, `hotel_email`, `room_quantity`) VALUES ('32', '15', 'Khách sạn Sel De Mer Đà Nẵng', 'Cho dù là tận hưởng khung cảnh biển đầy cảm hứng hay thành phố thơ mộng, Sel de Mer đều mang lại cảm giác độc đáo cho du khách lưu trú. Với sự pha trộn cân bằng giữa lối kiến trúc tinh tế và đơn giản, mỗi phòng trong số 164 phòng và suite trang bị nội thất trang nhã đều được thiết kế với mục đích quan tâm đến sự thoải mái và tiện lợi của du khách. Khám phá thêm tại khách sạn boutique đạt tiêu chuẩn 5 sao của chúng tôi bằng cách nuông chiều bản thân tại Spa Annona, thưởng ngoạn quang cảnh Bán đảo Sơn Trà tuyệt đẹp tại hồ bơi vô cực. Không có nơi nào tuyệt vời hơn để ngắm nhìn toàn cảnh thành phố hoặc tận hưởng chút gió biển trong khi nhấm nháp những ly cocktail lạ miệng và món tapas chọn lọc tại The Speakeasy Bar & Tapas trên tầng thượng của Sel de Mer.', '92, Võ Nguyên Giáp, Quận Sơn Trà, Đà Nẵng, Việt Nam', '0236 3868 288', 'info@seldemerhotelandsuites.com', '2');


insert into hotelroom(hotel_id,type_id,name,bed_quantity,price,description,image) values (1,1,'Phòng King',2,4500000,'Đầy đủ tiện nghi','https://tripi.vn/cdn-cgi/image/width=640,height=640/https://www.googleapis.com/download/storage/v1/b/hotelcdn/o/422%2FE5M56T4Q2D_194940667.jpg?generation=1586250485244075&alt=media');
insert into hotelroom(hotel_id,type_id,name,bed_quantity,price,description,image) values (1,2,'Phòng Ocean',1,2000000,'Giường siêu rộng, đầy đủ tiện nghi','https://tripi.vn/cdn-cgi/image/width=640,height=640/https://storage.googleapis.com/hms_prod/photo/img/457567OwL/hyatt-regency-danang-resort-and-spa-p383-standard-garden-king-guestroom.16x9.jpg');
insert into hotelroom(hotel_id,type_id,name,bed_quantity,price,description,image) values (2,1,'Phòng Hinode Giường Đôi',2,3000000,'View biển, đầy đủ tiện nghi','https://tripi.vn/cdn-cgi/image/width=1280,height=1280/https://storage.googleapis.com/hms_prod/photo/img/2693vG/premium-family--quad-23.jpg');
use hotelbookingdb;
insert into hotelroom(hotel_id,type_id,name,bed_quantity,price,description,image) values (2,2,'Phòng Đôi Grand Deluxe Nhìn ra Đại dương',1,2500000,'Giường đôi cực to, view biển thơ mộng cho những phút giây thăng hoa','https://tripi.vn/cdn-cgi/image/width=1280,height=1280/https://storage.googleapis.com/hms_prod/photo/img/2693Hk/deluxe---king-13.jpg');
insert into hotelroom(hotel_id,type_id,name,bed_quantity,price,description,image) values (3,1,'Deluxe Twin / King',2,3500000,'Giường lớn, đầy đủ tiện nghi, view biển','https://tripi.vn/cdn-cgi/image/width=640,height=640/https://www.googleapis.com/download/storage/v1/b/tourcdn/o/photos%2FVR3T0X5EXI_%2Ftmp%2Fplaytemp7458377284404767097%2FmultipartBody2839818511034061530asTemporaryFile?generation=1612434485197963&alt=media');
insert into hotelroom(hotel_id,type_id,name,bed_quantity,price,description,image) values (3,2,'Superior Twin/King',1,250000,'Đầy đủ tiện nghi','https://tripi.vn/cdn-cgi/image/width=640,height=640/https://i.travelapi.com/hotels/22000000/21050000/21049200/21049144/c6001b6f_z.jpg');
insert into hotelroom(hotel_id,type_id,name,bed_quantity,price,description,image) values (4,1,'Phòng Deluxe',1,2500000,'Giường cỡ Queen, có ban công','https://tripi.vn/cdn-cgi/image/width=640,height=640/https://i.travelapi.com/hotels/4000000/3530000/3520400/3520339/a51c2b22_z.jpg');
insert into hotelroom(hotel_id,type_id,name,bed_quantity,price,description,image) values (4,2,'Phòng Superior',2,2300000,'Đầy đủ tiện nghi, có ban công','https://tripi.vn/cdn-cgi/image/width=640,height=640/https://i.travelapi.com/hotels/4000000/3530000/3520400/3520339/aac2310e_z.jpg');
insert into hotelroom(hotel_id,type_id,name,bed_quantity,price,description,image) values (5,1,'Bliss Suite',1,1500000,'Đầy đủ tiện nghi cho một đêm thăng hoa','https://tripi.vn/cdn-cgi/image/width=404,height=304/https://www.googleapis.com/download/storage/v1/b/tourcdn/o/photos%2FLTSTO6JFR0_%2Ftmp%2Fplaytemp7100282659441822843%2FmultipartBody5067596094711806344asTemporaryFile?generation=1616261094979159&alt=media');
insert into hotelroom(hotel_id,type_id,name,bed_quantity,price,description,image) values (5,2,'Peace Suite',1,1000000,'View thành phố Đà Nẵng, đầy đủ tiện nghi','https://tripi.vn/cdn-cgi/image/width=640,height=640/https://www.googleapis.com/download/storage/v1/b/tourcdn/o/photos%2FWMGI76ECX8_%2Ftmp%2Fplaytemp7100282659441822843%2FmultipartBody6347475316916656645asTemporaryFile?generation=1616261546446577&alt=media');
insert into hotelroom(hotel_id,type_id,name,bed_quantity,price,description,image) values (6,1,'One Bedroom Ocean View Villa',2,10000000,'Thích hợp cho gia đình 3 người, view bờ biển yên bình','https://tripi.vn/cdn-cgi/image/width=640,height=640/https://storage.googleapis.com/hms_prod/photo/img/1620283441497vz/nmh_142.jpg');
insert into hotelroom(hotel_id,type_id,name,bed_quantity,price,description,image) values (6,2,'One Bedroom Villa',1,8000000,'Đầy đủ tiện nghi','https://tripi.vn/cdn-cgi/image/width=640,height=640/https://storage.googleapis.com/hms_prod/photo/img/1620283407275zu/nmh_092.jpg');
insert into hotelroom(hotel_id,type_id,name,bed_quantity,price,description,image) values (7,1,'Deluxe',2,2000000,'View ra biển, đầy đủ tiện nghi','https://tripi.vn/cdn-cgi/image/width=640,height=640/https://www.googleapis.com/download/storage/v1/b/hotelcdn/o/7324%2FRGBHRKHVJN_triple%20room%20(1).jpg?generation=1593662350440424&alt=media');
insert into hotelroom(hotel_id,type_id,name,bed_quantity,price,description,image) values (7,2,'Melia Guest Room',2,1400000,'Đầy đủ tiện nghi','https://tripi.vn/cdn-cgi/image/width=640,height=640/https://www.googleapis.com/download/storage/v1/b/hotelcdn/o/7324%2FGQ4597PYFS_Guest%20room%201.jpg?generation=1591082247775893&alt=media');
insert into hotelroom(hotel_id,type_id,name,bed_quantity,price,description,image) values (8,1,'Executive Suite hướng sông Hàn',2,2500000,'Đầy đủ tiện nghi, view hướng sông Hàn','https://tripi.vn/cdn-cgi/image/width=640,height=640/https://hotel-images.tripi.vn/static/customer-files/38643830-6332-3635-2d37-3039362d3262/2020/08/15/042408-c0229110-5b19-4ff1-8baa-f0e98d2554c4.jpg');
insert into hotelroom(hotel_id,type_id,name,bed_quantity,price,description,image) values (8,2,'Studio King',1,1400000,'Đầy đủ tiện nghi','https://tripi.vn/cdn-cgi/image/width=640,height=640/https://hotel-images.tripi.vn/static/customer-files/38643830-6332-3635-2d37-3039362d3262/2020/08/15/042449-ca4d04e4-28ae-4ce0-9b03-c2f061744bf8.jpg');
insert into hotelroom(hotel_id,type_id,name,bed_quantity,price,description,image) values (9,1,'Superior King Ocean View',2,1000000,'Ban công thoáng mát, nhìn ra biển, đầy đủ tiện nghi','https://tripi.vn/cdn-cgi/image/width=640,height=640/https://storage.googleapis.com/hms_prod/photo/img/1616752336538CP/superior-ocean-king.jpg');
insert into hotelroom(hotel_id,type_id,name,bed_quantity,price,description,image) values (9,2,'Superior King City View',1,800000,'Đầy đủ tiện nghi, view nhìn ra thành phố','https://tripi.vn/cdn-cgi/image/width=640,height=640/https://storage.googleapis.com/hms_prod/photo/img/1616752254165yq/superior-twin.jpg');
insert into hotelroom(hotel_id,type_id,name,bed_quantity,price,description,image) values (10,1,'Little Suites',2,1600000,'Đầy đủ tiện nghi, có ban công view phố cổ','https://tripi.vn/cdn-cgi/image/width=640,height=640/https://imagekit.tripi.vn/tvlk/apr-asset/dgXfoyh24ryQLRcGq00cIdKHRmotrWLNlvG-TxlcLxGkiDwaUSggleJNPRgIHCX6/hotel/asset/20006200-2d65c86a9e88ea15209cd0fc20992efe.jpeg');
insert into hotelroom(hotel_id,type_id,name,bed_quantity,price,description,image) values (10,2,'Junior Suites',1,1200000,'Đầy đủ tiện nghi','https://tripi.vn/cdn-cgi/image/width=640,height=640/https://staticproxy.mytourcdn.com/1000x600,q90/resources/pictures/hotels/12/GR8Tt4w9SB6YYsXlRHlYXg-176.jpeg');
insert into hotelroom(hotel_id,type_id,name,bed_quantity,price,description,image) values (11,1,'Deluxe Double Balcony',1,1000000,'Đầy đủ tiện nghi, view thành phố','https://tripi.vn/cdn-cgi/image/width=640,height=640/https://imagekit.tripi.vn/tvlk/apr-asset/dgXfoyh24ryQLRcGq00cIdKHRmotrWLNlvG-TxlcLxGkiDwaUSggleJNPRgIHCX6/hotel/asset/20031034-d2268075f9aa1763ff332fa515f85888.jpeg');
insert into hotelroom(hotel_id,type_id,name,bed_quantity,price,description,image) values (11,2,'Superior Twin',2,760000,'Đầy đủ tiện nghi','https://tripi.vn/cdn-cgi/image/width=640,height=640/https://imagekit.tripi.vn/tvlk/apr-asset/dgXfoyh24ryQLRcGq00cIdKHRmotrWLNlvG-TxlcLxGkiDwaUSggleJNPRgIHCX6/hotel/asset/20031034-00bd3352ef503709ca3ba4a64586d052.jpeg');
insert into hotelroom(hotel_id,type_id,name,bed_quantity,price,description,image) values (12,1,'Beachfront Pool Villa',1,3000000,'Villa nguyên căn, có hồ bơi, view biển trước cổng','https://tripi.vn/cdn-cgi/image/width=640,height=640/https://storage.googleapis.com/hms_prod/photo/img/1621309392515wg/184493486.jpg');
insert into hotelroom(hotel_id,type_id,name,bed_quantity,price,description,image) values (12,2,'Faifo Villa',1,1500000,'Villa nguyên căn, đầy đủ tiện nghi','https://tripi.vn/cdn-cgi/image/width=640,height=640/https://staticproxy.mytourcdn.com/1000x600,q90/resources/pictures/hotels/1/7rs1503731652_le_belhamy_resort_and_spa.jpg');
insert into hotelroom(hotel_id,type_id,name,bed_quantity,price,description,image) values (13,1,'Executive Suite',2,2500000,'Đầy đủ tiện nghi,phòng khách','https://tripi.vn/cdn-cgi/image/width=640,height=640/https://www.googleapis.com/download/storage/v1/b/tourcdn/o/photos%2F10VLBUWHVD_%2Ftmp%2Fplaytemp8065542705427177172%2FmultipartBody7566393660735164243asTemporaryFile?generation=1615904553234251&alt=media');
insert into hotelroom(hotel_id,type_id,name,bed_quantity,price,description,image) values (13,2,'Superior',1,1200000,'Đầy đủ tiện nghi','https://tripi.vn/cdn-cgi/image/width=640,height=640/https://imagekit.tripi.vn/tvlk/apr-asset/dgXfoyh24ryQLRcGq00cIdKHRmotrWLNlvG-TxlcLxGkiDwaUSggleJNPRgIHCX6/hotel/asset/20029496-09757076188bc1945edeb6c17f4c955f.jpeg');
insert into hotelroom(hotel_id,type_id,name,bed_quantity,price,description,image) values (14,1,'Junior Suite River View Queen',1,2500000,'Cực kỳ tiện nghi, view hướng hồ','https://tripi.vn/cdn-cgi/image/width=640,height=640/https://storage.googleapis.com/hms_prod/photo/img/458907uGq/hgo_7264.jpg');
insert into hotelroom(hotel_id,type_id,name,bed_quantity,price,description,image) values (14,2,'Deluxe City View Twin',1,1500000,'Đầy đủ tiện nghi, view hướng thành phố','https://tripi.vn/cdn-cgi/image/width=640,height=640/https://storage.googleapis.com/hms_prod/photo/img/458907SmG/hgo_7339.jpg');
insert into hotelroom(hotel_id,type_id,name,bed_quantity,price,description,image) values (15,1,'Bạch Mã',1,3000000,'Nguyên căn, đầy đủ tiện nghi, hướng hồ bơi','https://tripi.vn/cdn-cgi/image/width=640,height=640/https://storage.googleapis.com/hms_prod/photo/img/1621135187239HY/dsc09398.jpg');
insert into hotelroom(hotel_id,type_id,name,bed_quantity,price,description,image) values (15,2,'Vọng Cảnh',2,2200000,'Đầy đủ tiện nghi, hướng hồ bơi','https://tripi.vn/cdn-cgi/image/width=640,height=640/https://storage.googleapis.com/hms_prod/photo/img/1621135144966bv/dsc09550.jpg');
insert into hotelroom(hotel_id,type_id,name,bed_quantity,price,description,image) values (16,1,'Phòng Deluxe',2,1000000,'Đầy đủ tiện nghi, quang cảnh thành phố','https://tripi.vn/cdn-cgi/image/width=640,height=640/https://i.travelapi.com/hotels/2000000/1600000/1594300/1594209/e309e816_z.jpg');
insert into hotelroom(hotel_id,type_id,name,bed_quantity,price,description,image) values (16,2,'Phòng Superior',1,100000,'Đầy đủ tiện nghi, không cửa sổ','https://tripi.vn/cdn-cgi/image/width=640,height=640/https://staticproxy.mytourcdn.com/1000x600,q90/resources/pictures/hotels/0/lm01542712935_khach_san_emm_hue.jpg');

INSERT INTO `hotelbookingdb`.`hotelroom` (`hotel_id`, `type_id`, `name`, `bed_quantity`, `price`, `description`, `image`) VALUES ('17', '1', 'Deluxe 02 Giường Đơn, Ban Công, Trực Diện Biển', '2', '1000000', 'Có ban công, view nhìn thẳng ra biển, đầy đủ tiện nghi', 'https://tripi.vn/cdn-cgi/image/width=640,height=640/https://www.googleapis.com/download/storage/v1/b/hotelcdn/o/35132%2FCCV72693VY_908b7ad844f7998bf37e95cad596b3a6.png?generation=1588913907314209&alt=media');
INSERT INTO `hotelbookingdb`.`hotelroom` (`hotel_id`, `type_id`, `name`, `bed_quantity`, `price`, `description`, `image`) VALUES ('17', '2', 'Superior Double, Quang Cảnh Thành Phố', '1', '710000', 'View thành phố, đầy đủ tiện nghi', 'https://tripi.vn/cdn-cgi/image/width=640,height=640/https://www.googleapis.com/download/storage/v1/b/tourcdn/o/photos%2FWPLX0G64D9_%2Ftmp%2Fplaytemp7458377284404767097%2FmultipartBody172469744058729507asTemporaryFile?generation=1612494545457891&alt=media');
INSERT INTO `hotelbookingdb`.`hotelroom` (`hotel_id`, `type_id`, `name`, `bed_quantity`, `price`, `description`, `image`) VALUES ('18', '1', 'Bedroom Penthouse (Free Afternoon Tea And Airport Transfers)', '2', '2000000', 'Penthouse sang xịn mịn', 'https://tripi.vn/cdn-cgi/image/width=640,height=640/https://i.travelapi.com/hotels/25000000/24300000/24295600/24295542/d259594b_z.jpg');
INSERT INTO `hotelbookingdb`.`hotelroom` (`hotel_id`, `type_id`, `name`, `bed_quantity`, `price`, `description`, `image`) VALUES ('18', '2', 'Superior Partial Sea View Twin', '1', '1200000', 'View biển, đầy đủ tiện nghi', 'https://tripi.vn/cdn-cgi/image/width=640,height=640/https://imagekit.tripi.vn/tvlk/apr-asset/dgXfoyh24ryQLRcGq00cIdKHRmotrWLNlvG-TxlcLxGkiDwaUSggleJNPRgIHCX6/hotel/asset/20009739-303400b2421da355cf99365aaddd3ab0.jpeg');
INSERT INTO `hotelbookingdb`.`hotelroom` (`hotel_id`, `type_id`, `name`, `bed_quantity`, `price`, `description`, `image`) VALUES ('19', '1', 'Deluxe', '2', '900000', 'Đầy đủ tiện nghi, có cửa sổ', 'https://tripi.vn/cdn-cgi/image/width=640,height=640/http://pix6.agoda.net/hotelImages/6812114/-1/6b618aa2da9eb3a553fd60271dd30ff6.jpg?s=1024x768');
INSERT INTO `hotelbookingdb`.`hotelroom` (`hotel_id`, `type_id`, `name`, `bed_quantity`, `price`, `description`, `image`) VALUES ('19', '2', 'Superior', '1', '700000', 'Đầy đủ tiện nghi', 'https://tripi.vn/cdn-cgi/image/width=640,height=640/http://pix6.agoda.net/hotelImages/681/6812114/6812114_19041716190073804207.jpg?s=1024x768');
INSERT INTO `hotelbookingdb`.`hotelroom` (`hotel_id`, `type_id`, `name`, `bed_quantity`, `price`, `description`, `image`) VALUES ('20', '1', 'Deluxe Ocean View Twin', '2', '2700000', 'Đầy đủ tiện nghi, cửa sổ hướng biển', 'https://tripi.vn/cdn-cgi/image/width=640,height=640/http://pix6.agoda.net/hotelImages/2191467/-1/79164ab655907c118f6b63ebe3f9f217.jpg?https://tripi.vn/cdn-cgi/image/width=640,height=640/http://pix6.agoda.net/hotelImages/2191467/-1/79164ab655907c118f6b63ebe3f9f217.jpg?s=1024x768');
INSERT INTO `hotelbookingdb`.`hotelroom` (`hotel_id`, `type_id`, `name`, `bed_quantity`, `price`, `description`, `image`) VALUES ('20', '2', 'Superior City View Twin', '2', '1500000', 'Đầy đủ tiện nghi, cửa sổ hướng thành phố', 'https://tripi.vn/cdn-cgi/image/width=640,height=640/https://storage.googleapis.com/hms_prod/photo/img/1616988869182gS/170121185.jpg');
INSERT INTO `hotelbookingdb`.`hotelroom` (`hotel_id`, `type_id`, `name`, `bed_quantity`, `price`, `description`, `image`) VALUES ('21', '1', 'Deluxe', '2', '2000000', 'Đầy đủ tiện nghi', 'https://tripi.vn/cdn-cgi/image/width=640,height=640/https://www.googleapis.com/download/storage/v1/b/hotelcdn/o/9942%2F1AAHBMXJQS_5a359673b052761d45225a56738f3683.jpg?generation=1587527039547379&alt=media');
INSERT INTO `hotelbookingdb`.`hotelroom` (`hotel_id`, `type_id`, `name`, `bed_quantity`, `price`, `description`, `image`) VALUES ('21', '2', 'Standard', '1', '1500000', 'Đầy đủ tiện nghi', 'https://tripi.vn/cdn-cgi/image/width=640,height=640/https://storage.googleapis.com/hms_prod/photo/img/457903Jqw/z3296415811090_d1559766d5c0d0542da198923119f514.jpg');
INSERT INTO `hotelbookingdb`.`hotelroom` (`hotel_id`, `type_id`, `name`, `bed_quantity`, `price`, `description`, `image`) VALUES ('22', '1', 'Phòng Ban công, hướng biển-Ocean Balcony King', '2', '1000000', 'Có ban công, view biển, đầy đủ tiện nghi', 'https://tripi.vn/cdn-cgi/image/width=640,height=640/https://storage.googleapis.com/hms_prod/photo/img/457538MVd/ocean-suite-3.jpg');
INSERT INTO `hotelbookingdb`.`hotelroom` (`hotel_id`, `type_id`, `name`, `bed_quantity`, `price`, `description`, `image`) VALUES ('22', '2', 'Phòng cửa sổ hướng biển và phố-Ocean-Side', '1', '650000', 'Cửa sổ hướng biển và phố, đầy đủ tiện nghi', 'https://tripi.vn/cdn-cgi/image/width=640,height=640/https://i.travelapi.com/hotels/18000000/17830000/17821800/17821705/65105ff3.jpg');
INSERT INTO `hotelbookingdb`.`hotelroom` (`hotel_id`, `type_id`, `name`, `bed_quantity`, `price`, `description`, `image`) VALUES ('23', '1', 'Executive Suite hướng sông Hàn', '2', '4000000', 'Đầy đủ tiện nghi, view hướng sông Hàn', 'https://tripi.vn/cdn-cgi/image/width=640,height=640/https://hotel-images.tripi.vn/static/customer-files/38643830-6332-3635-2d37-3039362d3262/2020/08/15/042408-c0229110-5b19-4ff1-8baa-f0e98d2554c4.jpg');
INSERT INTO `hotelbookingdb`.`hotelroom` (`hotel_id`, `type_id`, `name`, `bed_quantity`, `price`, `description`, `image`) VALUES ('23', '2', 'Studio King', '1', '3000000', 'View thành phố, đầy đủ tiện nghi', 'https://tripi.vn/cdn-cgi/image/width=640,height=640/https://hotel-images.tripi.vn/static/customer-files/38643830-6332-3635-2d37-3039362d3262/2020/08/15/042449-96d33874-96ed-4e6e-97b1-804a9096787e.jpg');
INSERT INTO `hotelbookingdb`.`hotelroom` (`hotel_id`, `type_id`, `name`, `bed_quantity`, `price`, `description`, `image`) VALUES ('24', '1', 'Premium Deluxe King', '2', '800000', 'Đầy đủ tiện nghi', 'https://tripi.vn/cdn-cgi/image/width=640,height=640/https://staticproxy.mytourcdn.com/1000x600,q90/resources/pictures/hotels/19/drp1499400520_khach_san_muong_thanh_grand_da_nang.jpg');
INSERT INTO `hotelbookingdb`.`hotelroom` (`hotel_id`, `type_id`, `name`, `bed_quantity`, `price`, `description`, `image`) VALUES ('24', '2', 'Deluxe King', '1', '600000', 'Đầy đủ tiện nghi', 'https://tripi.vn/cdn-cgi/image/width=640,height=640/https://staticproxy.mytourcdn.com/1000x600,q90/resources/pictures/hotels/19/wgg1509415219_khach_san_muong_thanh_grand_da_nang.jpg');
INSERT INTO `hotelbookingdb`.`hotelroom` (`hotel_id`, `type_id`, `name`, `bed_quantity`, `price`, `description`, `image`) VALUES ('25', '1', 'Phòng Suite', '2', '2300000', 'Hướng thành phố, tầm nhìn bao trọn sông Hàn', 'https://tripi.vn/cdn-cgi/image/width=640,height=640/https://www.googleapis.com/download/storage/v1/b/tourcdn/o/photos%2FN3AUVWB53L_%2Ftmp%2Fplaytemp8065542705427177172%2FmultipartBody5559845168836503291asTemporaryFile?generation=1615883456410220&alt=media');
INSERT INTO `hotelbookingdb`.`hotelroom` (`hotel_id`, `type_id`, `name`, `bed_quantity`, `price`, `description`, `image`) VALUES ('25', '2', 'Phòng Deluxe', '1', '1600000', 'Hướng thành phố, đầy đủ tiện nghi', 'https://tripi.vn/cdn-cgi/image/width=640,height=640/https://www.googleapis.com/download/storage/v1/b/tourcdn/o/photos%2F3AO5JBKB3Y_%2Ftmp%2Fplaytemp8065542705427177172%2FmultipartBody3776852870074626531asTemporaryFile?generation=1615883582697981&alt=media');
INSERT INTO `hotelbookingdb`.`hotelroom` (`hotel_id`, `type_id`, `name`, `bed_quantity`, `price`, `description`, `image`) VALUES ('26', '1', 'Suite King', '2', '4000000', 'Cửa sổ hướng biển, đầy đủ tiện nghi, phong cách châu Âu', 'https://tripi.vn/cdn-cgi/image/width=640,height=640/https://www.googleapis.com/download/storage/v1/b/tourcdn/o/photos%2FFRN2JXKW5F_%2Ftmp%2Fplaytemp7100282659441822843%2FmultipartBody736996553475471684asTemporaryFile?generation=1616298098382498&alt=media');
INSERT INTO `hotelbookingdb`.`hotelroom` (`hotel_id`, `type_id`, `name`, `bed_quantity`, `price`, `description`, `image`) VALUES ('26', '2', 'Monarque ', '1', '2500000', 'Đầy đủ tiện nghi, cửa sổ hướng biển', 'https://tripi.vn/cdn-cgi/image/width=640,height=640/https://www.googleapis.com/download/storage/v1/b/tourcdn/o/photos%2FEPUVYQ4L5K_%2Ftmp%2Fplaytemp7100282659441822843%2FmultipartBody5814966214041072868asTemporaryFile?generation=1616297903449338&alt=media');
INSERT INTO `hotelbookingdb`.`hotelroom` (`hotel_id`, `type_id`, `name`, `bed_quantity`, `price`, `description`, `image`) VALUES ('27', '1', 'Phòng Premium', '2', '450000', 'Đầy đủ tiện nghi', 'https://tripi.vn/cdn-cgi/image/width=640,height=640/https://www.googleapis.com/download/storage/v1/b/hotelcdn/o/7072%2FN4X6RB5G23_PREMIER%20DLX%202.jpg?generation=1594351528405240&alt=media');
INSERT INTO `hotelbookingdb`.`hotelroom` (`hotel_id`, `type_id`, `name`, `bed_quantity`, `price`, `description`, `image`) VALUES ('27', '2', 'Phòng Superior', '1', '350000', 'Đầy đủ tiện nghi', 'https://tripi.vn/cdn-cgi/image/width=640,height=640/https://www.googleapis.com/download/storage/v1/b/hotelcdn/o/7072%2F80PD9PHJ8C_SUPERIOR%20DBL%203.jpg?generation=1594351585956612&alt=media');
INSERT INTO `hotelbookingdb`.`hotelroom` (`hotel_id`, `type_id`, `name`, `bed_quantity`, `price`, `description`, `image`) VALUES ('28', '1', 'Fivitel Suite', '2', '1000000', 'Có ban công hướng thành phố, đầy đủ tiện nghi', 'https://tripi.vn/cdn-cgi/image/width=640,height=640/https://assets.tripi.vn/assets/show/photo/img/16165808894398v8/deu1520584881_khach_san_fivitel_da_nang.jpg');
INSERT INTO `hotelbookingdb`.`hotelroom` (`hotel_id`, `type_id`, `name`, `bed_quantity`, `price`, `description`, `image`) VALUES ('28', '2', 'Superior ', '1', '800000', 'Đầy đủ tiện nghi', 'https://tripi.vn/cdn-cgi/image/width=640,height=640/https://assets.tripi.vn/assets/show/photo/img/1616580628TIUAvx/amk1520583802_khach_san_fivitel_da_nang.jpg');
INSERT INTO `hotelbookingdb`.`hotelroom` (`hotel_id`, `type_id`, `name`, `bed_quantity`, `price`, `description`, `image`) VALUES ('29', '1', 'Sanouva Executive', '2', '3000000', 'Đầy đủ tiện nghi cho gia đình', 'https://tripi.vn/cdn-cgi/image/width=640,height=640/https://storage.googleapis.com/hms_prod/photo/img/457783yUO/executive-twin-2.jpg');
INSERT INTO `hotelbookingdb`.`hotelroom` (`hotel_id`, `type_id`, `name`, `bed_quantity`, `price`, `description`, `image`) VALUES ('29', '2', 'Sanouva Deluxe', '1', '2500000', 'Đầy đủ tiện nghi, cửa số hướng thành phố', 'https://tripi.vn/cdn-cgi/image/width=640,height=640/https://storage.googleapis.com/hms_prod/photo/img/457783lpJ/sanouva-deluxe-1.jpg');
INSERT INTO `hotelbookingdb`.`hotelroom` (`hotel_id`, `type_id`, `name`, `bed_quantity`, `price`, `description`, `image`) VALUES ('30', '1', 'Studio Suite', '2', '2000000', 'Vô cùng tuyệt vời cho một đêm nồng cháy', 'https://tripi.vn/cdn-cgi/image/width=640,height=640/https://imagekit.tripi.vn/tvlk/apr-asset/dgXfoyh24ryQLRcGq00cIdKHRmotrWLNlvG-TxlcLxGkiDwaUSggleJNPRgIHCX6/hotel/asset/10020591-008b1d4f9055c7b68d71f5583b9525bd.jpeg');
INSERT INTO `hotelbookingdb`.`hotelroom` (`hotel_id`, `type_id`, `name`, `bed_quantity`, `price`, `description`, `image`) VALUES ('30', '2', 'Studio Spa Ocean View', '1', '1800000', 'View biển, vừa tắm vừa chill', 'https://tripi.vn/cdn-cgi/image/width=640,height=640/https://i.travelapi.com/hotels/12000000/11830000/11822200/11822119/45698261_z.jpg');
INSERT INTO `hotelbookingdb`.`hotelroom` (`hotel_id`, `type_id`, `name`, `bed_quantity`, `price`, `description`, `image`) VALUES ('31', '1', 'Premier Apartment', '2', '1000000', 'Căn hộ đầy đủ tiện nghi', 'https://tripi.vn/cdn-cgi/image/width=640,height=640/https://imagekit.tripi.vn/tvlk/apr-asset/dgXfoyh24ryQLRcGq00cIdKHRmotrWLNlvG-TxlcLxGkiDwaUSggleJNPRgIHCX6/hotel/asset/20011173-fd0aca0870b462bef6df6c558c1729af.jpeg');
INSERT INTO `hotelbookingdb`.`hotelroom` (`hotel_id`, `type_id`, `name`, `bed_quantity`, `price`, `description`, `image`) VALUES ('31', '2', 'Superior', '1', '450000', 'Đầy đủ tiện nghi, hướng thành phố', 'https://tripi.vn/cdn-cgi/image/width=640,height=640/https://imagekit.tripi.vn/tvlk/apr-asset/dgXfoyh24ryQLRcGq00cIdKHRmotrWLNlvG-TxlcLxGkiDwaUSggleJNPRgIHCX6/hotel/asset/20011173-d6a9326d3a5681d6281a0afbcd4eac47.jpeg');
INSERT INTO `hotelbookingdb`.`hotelroom` (`hotel_id`, `type_id`, `name`, `bed_quantity`, `price`, `description`, `image`) VALUES ('32', '1', 'Superior King Ocean View', '2', '1500000', 'Đầy đủ tiện nghi, hướng biển', 'https://tripi.vn/cdn-cgi/image/width=640,height=640/https://storage.googleapis.com/hms_prod/photo/img/1619065028502hW/superior-twin-ocean-view.jpg');
INSERT INTO `hotelbookingdb`.`hotelroom` (`hotel_id`, `type_id`, `name`, `bed_quantity`, `price`, `description`, `image`) VALUES ('32', '2', 'Superior King City View', '1', '1200000', 'Đầy đủ tiện nghi, hướng thành phố', 'https://tripi.vn/cdn-cgi/image/width=640,height=640/https://storage.googleapis.com/hms_prod/photo/img/1619065028307BZ/superior-king-city-view.jpg');


insert into booking(room_id,user_id,hotel_id,checkin_date,checkout_date,status) values (1,1,1,'2022-05-05','2022-05-10',0);
insert into booking(room_id,user_id,hotel_id,checkin_date,checkout_date,status) values (2,2,2,'2022-05-21','2022-05-23',0);
insert into booking(room_id,user_id,hotel_id,checkin_date,checkout_date,status) values (3,3,3,'2022-05-25','2022-05-28',0);
insert into booking(room_id,user_id,hotel_id,checkin_date,checkout_date,status) values (4,4,4,'2022-05-10','2022-05-15',0);
insert into booking(room_id,user_id,hotel_id,checkin_date,checkout_date,status) values (5,5,5,'2022-05-21','2022-05-23',0);
insert into booking(room_id,user_id,hotel_id,checkin_date,checkout_date,status) values (6,6,6,'2022-05-25','2022-05-28',0);
insert into booking(room_id,user_id,hotel_id,checkin_date,checkout_date,status) values (7,7,7,'2022-05-10','2022-05-15',0);
insert into booking(room_id,user_id,hotel_id,checkin_date,checkout_date,status) values (8,8,8,'2022-05-21','2022-05-23',0);
insert into booking(room_id,user_id,hotel_id,checkin_date,checkout_date,status) values (9,9,9,'2022-05-25','2022-05-28',0);
insert into booking(room_id,user_id,hotel_id,checkin_date,checkout_date,status) values (10,10,10,'2022-05-10','2022-05-15',0);
insert into booking(room_id,user_id,hotel_id,checkin_date,checkout_date,status) values (11,11,11,'2022-05-21','2022-05-23',0);
insert into booking(room_id,user_id,hotel_id,checkin_date,checkout_date,status) values (12,12,12,'2022-05-25','2022-05-28',0);
insert into booking(room_id,user_id,hotel_id,checkin_date,checkout_date,status) values (13,13,13,'2022-05-10','2022-05-15',0);
insert into booking(room_id,user_id,hotel_id,checkin_date,checkout_date,status) values (14,14,14,'2022-05-21','2022-05-23',0);
insert into booking(room_id,user_id,hotel_id,checkin_date,checkout_date,status) values (15,15,15,'2022-05-25','2022-05-28',0);
insert into booking(room_id,user_id,hotel_id,checkin_date,checkout_date,status) values (16,16,16,'2022-05-10','2022-05-15',0);

INSERT INTO `hotelbookingdb`.`booking` (`room_id`, `user_id`, `hotel_id`, `status`, `checkin_date`, `checkout_date`) VALUES ('17', '17', '17', '0', '2022-05-25', '2022-05-26');
INSERT INTO `hotelbookingdb`.`booking` (`room_id`, `user_id`, `hotel_id`, `status`, `checkin_date`, `checkout_date`) VALUES ('18', '18', '18', '0', '2022-05-22', '2022-05-25');
INSERT INTO `hotelbookingdb`.`booking` (`room_id`, `user_id`, `hotel_id`, `status`, `checkin_date`, `checkout_date`) VALUES ('19', '19', '19', '0', '2022-05-21', '2022-05-26');
INSERT INTO `hotelbookingdb`.`booking` (`room_id`, `user_id`, `hotel_id`, `status`, `checkin_date`, `checkout_date`) VALUES ('20', '20', '20', '0', '2022-05-25', '2022-05-27');
INSERT INTO `hotelbookingdb`.`booking` (`room_id`, `user_id`, `hotel_id`, `status`, `checkin_date`, `checkout_date`) VALUES ('21', '21', '21', '0', '2022-05-23', '2022-05-25');
INSERT INTO `hotelbookingdb`.`booking` (`room_id`, `user_id`, `hotel_id`, `status`, `checkin_date`, `checkout_date`) VALUES ('22', '22', '22', '0', '2022-05-28', '2022-05-29');
INSERT INTO `hotelbookingdb`.`booking` (`room_id`, `user_id`, `hotel_id`, `status`, `checkin_date`, `checkout_date`) VALUES ('23', '23', '23', '0', '2022-05-19', '2022-05-24');
INSERT INTO `hotelbookingdb`.`booking` (`room_id`, `user_id`, `hotel_id`, `status`, `checkin_date`, `checkout_date`) VALUES ('24', '24', '24', '0', '2022-05-28', '2022-05-25');
INSERT INTO `hotelbookingdb`.`booking` (`room_id`, `user_id`, `hotel_id`, `status`, `checkin_date`, `checkout_date`) VALUES ('25', '25', '25', '0', '2022-05-29', '2022-05-31');
INSERT INTO `hotelbookingdb`.`booking` (`room_id`, `user_id`, `hotel_id`, `status`, `checkin_date`, `checkout_date`) VALUES ('26', '26', '26', '0', '2022-05-24', '2022-05-26');
INSERT INTO `hotelbookingdb`.`booking` (`room_id`, `user_id`, `hotel_id`, `status`, `checkin_date`, `checkout_date`) VALUES ('27', '27', '27', '0', '2022-05-22', '2022-05-25');
INSERT INTO `hotelbookingdb`.`booking` (`room_id`, `user_id`, `hotel_id`, `status`, `checkin_date`, `checkout_date`) VALUES ('28', '28', '28', '0', '2022-05-21', '2022-05-25');
INSERT INTO `hotelbookingdb`.`booking` (`room_id`, `user_id`, `hotel_id`, `status`, `checkin_date`, `checkout_date`) VALUES ('29', '29', '29', '0', '2022-05-28', '2022-05-29');
INSERT INTO `hotelbookingdb`.`booking` (`room_id`, `user_id`, `hotel_id`, `status`, `checkin_date`, `checkout_date`) VALUES ('30', '30', '30', '0', '2022-05-28', '2022-05-30');
INSERT INTO `hotelbookingdb`.`booking` (`room_id`, `user_id`, `hotel_id`, `status`, `checkin_date`, `checkout_date`) VALUES ('31', '31', '31', '0', '2022-05-25', '2022-05-27');
INSERT INTO `hotelbookingdb`.`booking` (`room_id`, `user_id`, `hotel_id`, `status`, `checkin_date`, `checkout_date`) VALUES ('32', '32', '32', '0', '2022-05-26', '2022-05-28');

UPDATE `hotelbookingdb`.`booking` SET `totalprice` = '22500000' WHERE (`id` = '1');
UPDATE `hotelbookingdb`.`booking` SET `hotel_id` = '12', `totalprice` = '3000000', `checkout_date` = '2022-05-30 00:00:00' WHERE (`id` = '24');
UPDATE `hotelbookingdb`.`booking` SET `hotel_id` = '4', `totalprice` = '4600000' WHERE (`id` = '8');
UPDATE `hotelbookingdb`.`booking` SET `hotel_id` = '5', `totalprice` = '4500000' WHERE (`id` = '9');
UPDATE `hotelbookingdb`.`booking` SET `hotel_id` = '5', `totalprice` = '5000000' WHERE (`id` = '10');
UPDATE `hotelbookingdb`.`booking` SET `hotel_id` = '6', `totalprice` = '20000000' WHERE (`id` = '11');
UPDATE `hotelbookingdb`.`booking` SET `hotel_id` = '6', `totalprice` = '24000000' WHERE (`id` = '12');
UPDATE `hotelbookingdb`.`booking` SET `hotel_id` = '7', `totalprice` = '10000000' WHERE (`id` = '13');
UPDATE `hotelbookingdb`.`booking` SET `hotel_id` = '7', `totalprice` = '2800000' WHERE (`id` = '14');
UPDATE `hotelbookingdb`.`booking` SET `hotel_id` = '8', `totalprice` = '7500000' WHERE (`id` = '15');
UPDATE `hotelbookingdb`.`booking` SET `hotel_id` = '8', `totalprice` = '7000000' WHERE (`id` = '16');
UPDATE `hotelbookingdb`.`booking` SET `hotel_id` = '9', `totalprice` = '1000000' WHERE (`id` = '17');
UPDATE `hotelbookingdb`.`booking` SET `hotel_id` = '9', `totalprice` = '2400000' WHERE (`id` = '18');
UPDATE `hotelbookingdb`.`booking` SET `hotel_id` = '10', `totalprice` = '8000000' WHERE (`id` = '19');
UPDATE `hotelbookingdb`.`booking` SET `hotel_id` = '10', `totalprice` = '2400000' WHERE (`id` = '20');
UPDATE `hotelbookingdb`.`booking` SET `hotel_id` = '11', `totalprice` = '2000000' WHERE (`id` = '21');
UPDATE `hotelbookingdb`.`booking` SET `hotel_id` = '11', `totalprice` = '760000' WHERE (`id` = '22');
UPDATE `hotelbookingdb`.`booking` SET `hotel_id` = '12', `totalprice` = '15000000' WHERE (`id` = '23');
UPDATE `hotelbookingdb`.`booking` SET `hotel_id` = '13', `totalprice` = '5000000' WHERE (`id` = '25');
UPDATE `hotelbookingdb`.`booking` SET `hotel_id` = '13', `totalprice` = '2400000' WHERE (`id` = '26');
UPDATE `hotelbookingdb`.`booking` SET `hotel_id` = '14', `totalprice` = '7500000' WHERE (`id` = '27');
UPDATE `hotelbookingdb`.`booking` SET `hotel_id` = '14', `totalprice` = '6000000' WHERE (`id` = '28');
UPDATE `hotelbookingdb`.`booking` SET `hotel_id` = '15', `totalprice` = '3000000' WHERE (`id` = '29');
UPDATE `hotelbookingdb`.`booking` SET `hotel_id` = '1', `totalprice` = '4000000' WHERE (`id` = '2');
UPDATE `hotelbookingdb`.`booking` SET `hotel_id` = '2', `totalprice` = '9000000' WHERE (`id` = '3');
UPDATE `hotelbookingdb`.`booking` SET `hotel_id` = '2', `totalprice` = '12500000' WHERE (`id` = '4');
UPDATE `hotelbookingdb`.`booking` SET `hotel_id` = '3', `totalprice` = '7000000' WHERE (`id` = '5');
UPDATE `hotelbookingdb`.`booking` SET `hotel_id` = '3', `totalprice` = '750000' WHERE (`id` = '6');
UPDATE `hotelbookingdb`.`booking` SET `hotel_id` = '4', `totalprice` = '12500000' WHERE (`id` = '7');
UPDATE `hotelbookingdb`.`booking` SET `hotel_id` = '15', `totalprice` = '4400000' WHERE (`id` = '30');
UPDATE `hotelbookingdb`.`booking` SET `hotel_id` = '16', `totalprice` = '2000000' WHERE (`id` = '31');
UPDATE `hotelbookingdb`.`booking` SET `hotel_id` = '16', `totalprice` = '200000' WHERE (`id` = '32');

UPDATE `hotelbookingdb`.`hotel` SET `image` = 'https://assets.hyatt.com/content/dam/hyatt/hyattdam/images/2017/09/25/1648/Hyatt-Regency-Danang-Resort-and-Spa-P091-Beach-View.jpg/Hyatt-Regency-Danang-Resort-and-Spa-P091-Beach-View.16x9.jpg?imwidth=1920' WHERE (`id` = '1');
UPDATE `hotelbookingdb`.`hotel` SET `image` = 'https://cdn3.ivivu.com/2021/06/Mikazuki-Japanese-Resorts-Spa-ivivu-7.jpg' WHERE (`id` = '2');
UPDATE `hotelbookingdb`.`hotel` SET `image` = 'https://owa.bestprice.vn/images/hotels/large/da-nang-golden-bay-hotel-5f83fb1c0130b-848x477.jpg' WHERE (`id` = '3');
UPDATE `hotelbookingdb`.`hotel` SET `image` = 'https://ak-d.tripcdn.com/images/220315000000xcu4gF292_R_550_412_R5_Q70_D.jpg' WHERE (`id` = '4');
UPDATE `hotelbookingdb`.`hotel` SET `image` = 'https://cdn1.ivivu.com/iVivu/2019/01/18/18/khach-san-altara-suites-da-nang-800x450.png' WHERE (`id` = '5');
UPDATE `hotelbookingdb`.`hotel` SET `image` = 'https://cdn1.ivivu.com/iVivu/2019/03/11/16/khach-san-four-points-by-sheraton-da-nang-7-800x450.png' WHERE (`id` = '6');
UPDATE `hotelbookingdb`.`hotel` SET `image` = 'https://www.melia.com/dam/jcr:7c89b9d7-da66-414d-bf3f-403c337aebf1/129MeliaDanang-The_Level_Pool.jpg' WHERE (`id` = '7');
UPDATE `hotelbookingdb`.`hotel` SET `image` = 'https://statics.vinpearl.com/kinh-nghiem-tu-a-z-an-o-choi-gi-o-vinpearl-condotel-riverfront-da-nang.jpg' WHERE (`id` = '8');
UPDATE `hotelbookingdb`.`hotel` SET `image` = 'https://tripi.vn/cdn-cgi/image/width=1280/https://s3.ap-southeast-1.amazonaws.com/mytourcdn.com/resources/pictures/hotels/18/WztAkinRTTm86UWZ-n0LvQ-180.jpeg' WHERE (`id` = '9');
UPDATE `hotelbookingdb`.`hotel` SET `image` = 'https://dynamic-media-cdn.tripadvisor.com/media/photo-o/11/fc/0d/0f/outdoor-pool.jpg?w=900&h=-1&s=1' WHERE (`id` = '10');
UPDATE `hotelbookingdb`.`hotel` SET `image` = 'https://cf.bstatic.com/xdata/images/hotel/max1024x768/239400607.jpg?k=0309d0cf30ca97c8a57114f45860405deb1e132aca6d93ba32f6838383a7f785&o=&hp=1' WHERE (`id` = '11');
UPDATE `hotelbookingdb`.`hotel` SET `image` = 'https://pix10.agoda.net/hotelImages/186700/-1/d02c5d85770e8b038fc738a6a43e6d96.jpg?ca=7&ce=1&s=1024x768' WHERE (`id` = '12');
UPDATE `hotelbookingdb`.`hotel` SET `image` = 'https://cf.bstatic.com/xdata/images/hotel/max1024x768/264445245.jpg?k=bae95bb08894f2a2d5fc40e6654687b869312408f000e2bb7ee5be4c47b68d62&o=&hp=1' WHERE (`id` = '13');
UPDATE `hotelbookingdb`.`hotel` SET `image` = 'https://alehap.vn/sites/default/files/DSC04440.jpg' WHERE (`id` = '14');
UPDATE `hotelbookingdb`.`hotel` SET `image` = 'https://cf.bstatic.com/xdata/images/hotel/max1024x768/196713659.jpg?k=ea19edee41929e38e3b162495970d41b2b54a1bc85a40dfa92157d75f682c4d4&o=&hp=1' WHERE (`id` = '15');
UPDATE `hotelbookingdb`.`hotel` SET `image` = 'https://media-cdn.tripadvisor.com/media/photo-s/0d/a8/ca/8e/exterior-day-https://media-cdn.tripadvisor.com/media/photo-s/0d/a8/ca/8e/exterior-day-time.jpg' WHERE (`id` = '16');
UPDATE `hotelbookingdb`.`hotel` SET `image` = 'https://cf.bstatic.com/xdata/images/hotel/max1280x900/251007572.jpg?k=712c86dc840ecea8e5f94a009fe8d2ba62bf9af7c5eb19bb28efebb1cf054fb7&o=&hp=1' WHERE (`id` = '17');
UPDATE `hotelbookingdb`.`hotel` SET `image` = 'https://cf.bstatic.com/xdata/images/hotel/max1024x768/276219187.jpg?k=cdd54920ca9eda95f6b45c8dc27bde63f3e5b286a152943c7ee68c58beda39d7&o=&hp=1' WHERE (`id` = '18');
UPDATE `hotelbookingdb`.`hotel` SET `image` = 'https://pix10.agoda.net/hotelImages/6812114/-1/c06d1f8a6d348f409ea6872696a6343f.jpg?ca=9&ce=1&s=1024x768' WHERE (`id` = '19');
UPDATE `hotelbookingdb`.`hotel` SET `image` = 'https://du-lich.chudu24.com/f/m/2105/26/khach-san-the-nalod-da-nang-0.jpg?w=550&c=1' WHERE (`id` = '20');
UPDATE `hotelbookingdb`.`hotel` SET `image` = 'https://i.imgur.com/dCOnyqu.jpg' WHERE (`id` = '21');
UPDATE `hotelbookingdb`.`hotel` SET `image` = 'https://pix10.agoda.net/hotelImages/1805131/-1/edaba12c07941c6b859bf68f8d964a03.jpg?ca=28&ce=0&s=1024x768' WHERE (`id` = '22');
UPDATE `hotelbookingdb`.`hotel` SET `image` = 'https://statics.vinpearl.com/kinh-nghiem-tu-a-z-an-o-choi-gi-o-vinpearl-condotel-riverfront-da-nang.jpg' WHERE (`id` = '23');
UPDATE `hotelbookingdb`.`hotel` SET `image` = 'https://pix10.agoda.net/hotelImages/502/502099/502099_14060516240019719334.jpg?ca=2&ce=1&s=1024x768' WHERE (`id` = '24');
UPDATE `hotelbookingdb`.`hotel` SET `image` = 'https://cf.bstatic.com/xdata/images/hotel/max1024x768/206809501.jpg?k=e908a7c2ce63ee696c06c5dd83581861556ec72b16efcf3a52b8a895b3a5287e&o=&hp=1' WHERE (`id` = '25');
UPDATE `hotelbookingdb`.`hotel` SET `image` = 'https://du-lich.chudu24.com/f/m/2105/28/khach-san-monarque-da-nang-0.jpg?w=550&c=1' WHERE (`id` = '26');
UPDATE `hotelbookingdb`.`hotel` SET `image` = 'https://owa.bestprice.vn/images/hotels/large/khach-san-gold-luxury-da-nang-5f83fc7c444a8-848x477.jpg' WHERE (`id` = '27');
UPDATE `hotelbookingdb`.`hotel` SET `image` = 'https://fvgtravel.com.vn/uploads/images/khach-san-fivitel-boutique-8.jpg' WHERE (`id` = '28');
UPDATE `hotelbookingdb`.`hotel` SET `image` = 'https://d3tosvr3yotk6r.cloudfront.net/Content/UserUploads/Images/Hotels/5/8/medium_sanouva%20hotel%205.jpg' WHERE (`id` = '29');
UPDATE `hotelbookingdb`.`hotel` SET `image` = 'https://media-cdn.tripadvisor.com/media/photo-s/1a/08/a5/28/khach-s-n-cicilia.jpg' WHERE (`id` = '30');
UPDATE `hotelbookingdb`.`hotel` SET `image` = 'https://cf.bstatic.com/xdata/images/hotel/max1280x900/215176383.jpg?k=aef22bd4062c760d37e5073d17d50eb75c80fe624b37c61665403dad30c5626b&o=&hp=1' WHERE (`id` = '31');
UPDATE `hotelbookingdb`.`hotel` SET `image` = 'https://pix10.agoda.net/hotelImages/9374420/-1/45814dee8f76bbac7f8fa62e0d98496f.jpg?ca=11&ce=1&s=1024x768' WHERE (`id` = '32');


UPDATE `hotelbookingdb`.`booking` SET `fullName` = 'Hoang Vien', `phonenumber` = '0232223501', `email` = 'vienne1@gmail.com', `birthday` = '2002-05-28', `totalprice` = '22500000' WHERE (`id` = '1');
UPDATE `hotelbookingdb`.`booking` SET `hotel_id` = '12', `fullName` = 'Hoang Vien', `phonenumber` = '0232223524', `email` = 'vienne24@gmail.com', `birthday` = '2002-05-28', `totalprice` = '3000000', `checkout_date` = '2022-05-30 00:00:00' WHERE (`id` = '24');
UPDATE `hotelbookingdb`.`booking` SET `hotel_id` = '4', `fullName` = 'Hoang Vien', `phonenumber` = '0232223508', `email` = 'vienne8@gmail.com', `birthday` = '2002-05-28', `totalprice` = '4600000' WHERE (`id` = '8');
UPDATE `hotelbookingdb`.`booking` SET `hotel_id` = '5', `fullName` = 'Hoang Vien', `phonenumber` = '0232223509', `email` = 'vienne9@gmail.com', `birthday` = '2002-05-28', `totalprice` = '4500000' WHERE (`id` = '9');
UPDATE `hotelbookingdb`.`booking` SET `hotel_id` = '5', `fullName` = 'Hoang Vien', `phonenumber` = '0232223510', `email` = 'vienne10@gmail.com', `birthday` = '2002-05-28', `totalprice` = '5000000' WHERE (`id` = '10');
UPDATE `hotelbookingdb`.`booking` SET `hotel_id` = '6', `fullName` = 'Hoang Vien', `phonenumber` = '0232223511', `email` = 'vienne11@gmail.com', `birthday` = '2002-05-28', `totalprice` = '20000000' WHERE (`id` = '11');
UPDATE `hotelbookingdb`.`booking` SET `hotel_id` = '6', `fullName` = 'Hoang Vien', `phonenumber` = '0232223512', `email` = 'vienne12@gmail.com', `birthday` = '2002-05-28', `totalprice` = '24000000' WHERE (`id` = '12');
UPDATE `hotelbookingdb`.`booking` SET `hotel_id` = '7', `fullName` = 'Hoang Vien', `phonenumber` = '0232223513', `email` = 'vienne13@gmail.com', `birthday` = '2002-05-28', `totalprice` = '10000000' WHERE (`id` = '13');
UPDATE `hotelbookingdb`.`booking` SET `hotel_id` = '7', `fullName` = 'Hoang Vien', `phonenumber` = '0232223514', `email` = 'vienne14@gmail.com', `birthday` = '2002-05-28', `totalprice` = '2800000' WHERE (`id` = '14');
UPDATE `hotelbookingdb`.`booking` SET `hotel_id` = '8', `fullName` = 'Hoang Vien', `phonenumber` = '0232223515', `email` = 'vienne15@gmail.com', `birthday` = '2002-05-28', `totalprice` = '7500000' WHERE (`id` = '15');
UPDATE `hotelbookingdb`.`booking` SET `hotel_id` = '8', `fullName` = 'Hoang Vien', `phonenumber` = '0232223516', `email` = 'vienne16@gmail.com', `birthday` = '2002-05-28', `totalprice` = '7000000' WHERE (`id` = '16');
UPDATE `hotelbookingdb`.`booking` SET `hotel_id` = '9', `fullName` = 'Hoang Vien', `phonenumber` = '0232223517', `email` = 'vienne17@gmail.com', `birthday` = '2002-05-28', `totalprice` = '1000000' WHERE (`id` = '17');
UPDATE `hotelbookingdb`.`booking` SET `hotel_id` = '9', `fullName` = 'Hoang Vien', `phonenumber` = '0232223518', `email` = 'vienne18@gmail.com', `birthday` = '2002-05-28', `totalprice` = '2400000' WHERE (`id` = '18');
UPDATE `hotelbookingdb`.`booking` SET `hotel_id` = '10', `fullName` = 'Hoang Vien', `phonenumber` = '0232223519', `email` = 'vienne19@gmail.com', `birthday` = '2002-05-28', `totalprice` = '8000000' WHERE (`id` = '19');
UPDATE `hotelbookingdb`.`booking` SET `hotel_id` = '10', `fullName` = 'Hoang Vien', `phonenumber` = '0232223520', `email` = 'vienne20@gmail.com', `birthday` = '2002-05-28', `totalprice` = '2400000' WHERE (`id` = '20');
UPDATE `hotelbookingdb`.`booking` SET `hotel_id` = '11', `fullName` = 'Hoang Vien', `phonenumber` = '0232223521', `email` = 'vienne21@gmail.com', `birthday` = '2002-05-28', `totalprice` = '2000000' WHERE (`id` = '21');
UPDATE `hotelbookingdb`.`booking` SET `hotel_id` = '11', `fullName` = 'Hoang Vien', `phonenumber` = '0232223522', `email` = 'vienne22@gmail.com', `birthday` = '2002-05-28', `totalprice` = '760000' WHERE (`id` = '22');
UPDATE `hotelbookingdb`.`booking` SET `hotel_id` = '12', `fullName` = 'Hoang Vien', `phonenumber` = '0232223523', `email` = 'vienne23@gmail.com', `birthday` = '2002-05-28', `totalprice` = '15000000' WHERE (`id` = '23');
UPDATE `hotelbookingdb`.`booking` SET `hotel_id` = '13', `fullName` = 'Hoang Vien', `phonenumber` = '0232223525', `email` = 'vienne25@gmail.com', `birthday` = '2002-05-28', `totalprice` = '5000000' WHERE (`id` = '25');
UPDATE `hotelbookingdb`.`booking` SET `hotel_id` = '13', `fullName` = 'Hoang Vien', `phonenumber` = '0232223526', `email` = 'vienne26@gmail.com', `birthday` = '2002-05-28', `totalprice` = '2400000' WHERE (`id` = '26');
UPDATE `hotelbookingdb`.`booking` SET `hotel_id` = '14', `fullName` = 'Hoang Vien', `phonenumber` = '0232223527', `email` = 'vienne27@gmail.com', `birthday` = '2002-05-28', `totalprice` = '7500000' WHERE (`id` = '27');
UPDATE `hotelbookingdb`.`booking` SET `hotel_id` = '14', `fullName` = 'Hoang Vien', `phonenumber` = '0232223528', `email` = 'vienne28@gmail.com', `birthday` = '2002-05-28', `totalprice` = '6000000' WHERE (`id` = '28');
UPDATE `hotelbookingdb`.`booking` SET `hotel_id` = '15', `fullName` = 'Hoang Vien', `phonenumber` = '0232223529', `email` = 'vienne29@gmail.com', `birthday` = '2002-05-28', `totalprice` = '3000000' WHERE (`id` = '29');
UPDATE `hotelbookingdb`.`booking` SET `hotel_id` = '1', `fullName` = 'Hoang Vien', `phonenumber` = '0232223502', `email` = 'vienne2@gmail.com', `birthday` = '2002-05-28', `totalprice` = '4000000' WHERE (`id` = '2');
UPDATE `hotelbookingdb`.`booking` SET `hotel_id` = '2', `fullName` = 'Hoang Vien', `phonenumber` = '0232223503', `email` = 'vienne3@gmail.com', `birthday` = '2002-05-28', `totalprice` = '9000000' WHERE (`id` = '3');
UPDATE `hotelbookingdb`.`booking` SET `hotel_id` = '2', `fullName` = 'Hoang Vien', `phonenumber` = '0232223504', `email` = 'vienne4@gmail.com', `birthday` = '2002-05-28', `totalprice` = '12500000' WHERE (`id` = '4');
UPDATE `hotelbookingdb`.`booking` SET `hotel_id` = '3', `fullName` = 'Hoang Vien', `phonenumber` = '0232223505', `email` = 'vienne5@gmail.com', `birthday` = '2002-05-28', `totalprice` = '7000000' WHERE (`id` = '5');
UPDATE `hotelbookingdb`.`booking` SET `hotel_id` = '3', `fullName` = 'Hoang Vien', `phonenumber` = '0232223506', `email` = 'vienne6@gmail.com', `birthday` = '2002-05-28', `totalprice` = '750000' WHERE (`id` = '6');
UPDATE `hotelbookingdb`.`booking` SET `hotel_id` = '4', `fullName` = 'Hoang Vien', `phonenumber` = '0232223507', `email` = 'vienne7@gmail.com', `birthday` = '2002-05-28', `totalprice` = '12500000' WHERE (`id` = '7');
UPDATE `hotelbookingdb`.`booking` SET `hotel_id` = '15', `fullName` = 'Hoang Vien', `phonenumber` = '0232223530', `email` = 'vienne30@gmail.com', `birthday` = '2002-05-28', `totalprice` = '4400000' WHERE (`id` = '30');
UPDATE `hotelbookingdb`.`booking` SET `hotel_id` = '16', `fullName` = 'Hoang Vien', `phonenumber` = '0232223531', `email` = 'vienne31@gmail.com', `birthday` = '2002-05-28', `totalprice` = '2000000' WHERE (`id` = '31');
UPDATE `hotelbookingdb`.`booking` SET `hotel_id` = '16', `fullName` = 'Hoang Vien', `phonenumber` = '0232223532', `email` = 'vienne32@gmail.com', `birthday` = '2002-05-28', `totalprice` = '200000' WHERE (`id` = '32');

INSERT INTO `hotelbookingdb`.`booking` (`room_id`, `user_id`, `hotel_id`, `fullName`, `phonenumber`, `email`, `birthday`, `status`, `totalprice`, `checkin_date`, `checkout_date`) VALUES ('33', '1', '17', 'Hoang Vien', '0232223501', 'vienne1@gmail.com', '2002-05-28 00:00:00', '0', '1000000', '2022-05-26 00:00:00', '2022-05-27 00:00:00');
INSERT INTO `hotelbookingdb`.`booking` (`room_id`, `user_id`, `hotel_id`, `fullName`, `phonenumber`, `email`, `birthday`, `status`, `totalprice`, `checkin_date`, `checkout_date`) VALUES ('34', '2', '17', 'Hoang Vien', '0232223502', 'vienne2@gmail.com', '2002-05-28 00:00:00', '0', '710000', '2022-05-26 00:00:00', '2022-05-27 00:00:00');
INSERT INTO `hotelbookingdb`.`booking` (`room_id`, `user_id`, `hotel_id`, `fullName`, `phonenumber`, `email`, `birthday`, `status`, `totalprice`, `checkin_date`, `checkout_date`) VALUES ('35', '3', '18', 'Hoang Vien', '0232223503', 'vienne3@gmail.com', '2002-05-28 00:00:00', '0', '2000000', '2022-05-26 00:00:00', '2022-05-27 00:00:00');
INSERT INTO `hotelbookingdb`.`booking` (`room_id`, `user_id`, `hotel_id`, `fullName`, `phonenumber`, `email`, `birthday`, `status`, `totalprice`, `checkin_date`, `checkout_date`) VALUES ('36', '4', '18', 'Hoang Vien', '0232223504', 'vienne4@gmail.com', '2002-05-28 00:00:00', '0', '1200000', '2022-05-26 00:00:00', '2022-05-27 00:00:00');
INSERT INTO `hotelbookingdb`.`booking` (`room_id`, `user_id`, `hotel_id`, `fullName`, `phonenumber`, `email`, `birthday`, `status`, `totalprice`, `checkin_date`, `checkout_date`) VALUES ('37', '5', '19', 'Hoang Vien', '0232223505', 'vienne5@gmail.com', '2002-05-28 00:00:00', '0', '900000', '2022-05-26 00:00:00', '2022-05-27 00:00:00');
INSERT INTO `hotelbookingdb`.`booking` (`room_id`, `user_id`, `hotel_id`, `fullName`, `phonenumber`, `email`, `birthday`, `status`, `totalprice`, `checkin_date`, `checkout_date`) VALUES ('38', '6', '19', 'Hoang Vien', '0232223506', 'vienne6@gmail.com', '2002-05-28 00:00:00', '0', '1400000', '2022-05-24 00:00:00', '2022-05-26 00:00:00');
INSERT INTO `hotelbookingdb`.`booking` (`room_id`, `user_id`, `hotel_id`, `fullName`, `phonenumber`, `email`, `birthday`, `status`, `totalprice`, `checkin_date`, `checkout_date`) VALUES ('39', '7', '20', 'Hoang Vien', '0232223507', 'vienne7@gmail.com', '2002-05-28 00:00:00', '0', '5400000', '2022-05-24 00:00:00', '2022-05-26 00:00:00');
INSERT INTO `hotelbookingdb`.`booking` (`room_id`, `user_id`, `hotel_id`, `fullName`, `phonenumber`, `email`, `birthday`, `status`, `totalprice`, `checkin_date`, `checkout_date`) VALUES ('40', '8', '20', 'Hoang Vien', '0232223508', 'vienne8@gmail.com', '2002-05-28 00:00:00', '0', '3000000', '2022-05-24 00:00:00', '2022-05-26 00:00:00');
INSERT INTO `hotelbookingdb`.`booking` (`room_id`, `user_id`, `hotel_id`, `fullName`, `phonenumber`, `email`, `birthday`, `status`, `totalprice`, `checkin_date`, `checkout_date`) VALUES ('41', '9', '21', 'Hoang Vien', '0232223509', 'vienne9@gmail.com', '2002-05-29 00:00:00', '4', '4000000', '2022-05-24 00:00:00', '2022-05-26 00:00:00');
INSERT INTO `hotelbookingdb`.`booking` (`room_id`, `user_id`, `hotel_id`, `fullName`, `phonenumber`, `email`, `birthday`, `status`, `totalprice`, `checkin_date`, `checkout_date`) VALUES ('42', '10', '21', 'Hoang Vien', '0232223510', 'vienne10@gmail.com', '2002-05-28 00:00:00', '0', '3000000', '2022-05-24 00:00:00', '2022-05-26 00:00:00');
INSERT INTO `hotelbookingdb`.`booking` (`room_id`, `user_id`, `hotel_id`, `fullName`, `phonenumber`, `email`, `birthday`, `status`, `totalprice`, `checkin_date`, `checkout_date`) VALUES ('43', '11', '22', 'Hoang Vien', '0232223511', 'vienne11@gmail.com', '2002-05-28 00:00:00', '0', '3000000', '2022-05-27 00:00:00', '2022-05-30 00:00:00');
INSERT INTO `hotelbookingdb`.`booking` (`room_id`, `user_id`, `hotel_id`, `fullName`, `phonenumber`, `email`, `birthday`, `status`, `totalprice`, `checkin_date`, `checkout_date`) VALUES ('44', '12', '22', 'Hoang Vien', '0232223512', 'vienne12@gmail.com', '2002-05-28 00:00:00', '0', '1950000', '2022-05-27 00:00:00', '2022-05-30 00:00:00');
INSERT INTO `hotelbookingdb`.`booking` (`room_id`, `user_id`, `hotel_id`, `fullName`, `phonenumber`, `email`, `birthday`, `status`, `totalprice`, `checkin_date`, `checkout_date`) VALUES ('45', '13', '23', 'Hoang Vien', '0232223513', 'vienne13@gmail.com', '2002-05-28 00:00:00', '0', '12000000', '2022-05-27 00:00:00', '2022-05-30 00:00:00');
INSERT INTO `hotelbookingdb`.`booking` (`room_id`, `user_id`, `hotel_id`, `fullName`, `phonenumber`, `email`, `birthday`, `status`, `totalprice`, `checkin_date`, `checkout_date`) VALUES ('46', '14', '23', 'Hoang Vien', '0232223514', 'vienne14@gmail.com', '2002-05-28 00:00:00', '0', '9000000', '2022-05-27 00:00:00', '2022-05-30 00:00:00');
INSERT INTO `hotelbookingdb`.`booking` (`room_id`, `user_id`, `hotel_id`, `fullName`, `phonenumber`, `email`, `birthday`, `status`, `totalprice`, `checkin_date`, `checkout_date`) VALUES ('47', '15', '24', 'Hoang Vien', '0232223515', 'vienne15@gmail.com', '2002-05-28 00:00:00', '0', '2400000', '2022-05-27 00:00:00', '2022-05-30 00:00:00');
INSERT INTO `hotelbookingdb`.`booking` (`room_id`, `user_id`, `hotel_id`, `fullName`, `phonenumber`, `email`, `birthday`, `status`, `totalprice`, `checkin_date`, `checkout_date`) VALUES ('48', '16', '24', 'Hoang Vien', '0232223516', 'vienne16@gmail.com', '2002-05-28 00:00:00', '0', '2400000', '2022-05-22 00:00:00', '2022-05-26 00:00:00');
INSERT INTO `hotelbookingdb`.`booking` (`room_id`, `user_id`, `hotel_id`, `fullName`, `phonenumber`, `email`, `birthday`, `status`, `totalprice`, `checkin_date`, `checkout_date`) VALUES ('49', '17', '25', 'Hoang Vien', '0232223517', 'vienne17@gmail.com', '2002-05-28 00:00:00', '0', '9200000', '2022-05-22 00:00:00', '2022-05-26 00:00:00');
INSERT INTO `hotelbookingdb`.`booking` (`room_id`, `user_id`, `hotel_id`, `fullName`, `phonenumber`, `email`, `birthday`, `status`, `totalprice`, `checkin_date`, `checkout_date`) VALUES ('50', '18', '25', 'Hoang Vien', '0232223518', 'vienne18@gmail.com', '2002-05-28 00:00:00', '0', '6400000', '2022-05-22 00:00:00', '2022-05-26 00:00:00');
INSERT INTO `hotelbookingdb`.`booking` (`room_id`, `user_id`, `hotel_id`, `fullName`, `phonenumber`, `email`, `birthday`, `status`, `totalprice`, `checkin_date`, `checkout_date`) VALUES ('51', '19', '26', 'Hoang Vien', '0232223519', 'vienne19@gmail.com', '2002-05-28 00:00:00', '0', '16000000', '2022-05-22 00:00:00', '2022-05-26 00:00:00');
INSERT INTO `hotelbookingdb`.`booking` (`room_id`, `user_id`, `hotel_id`, `fullName`, `phonenumber`, `email`, `birthday`, `status`, `totalprice`, `checkin_date`, `checkout_date`) VALUES ('52', '20', '26', 'Hoang Vien', '0232223520', 'vienne20@gmail.com', '2002-05-28 00:00:00', '0', '10000000', '2022-05-22 00:00:00', '2022-05-26 00:00:00');
INSERT INTO `hotelbookingdb`.`booking` (`room_id`, `user_id`, `hotel_id`, `fullName`, `phonenumber`, `email`, `birthday`, `status`, `totalprice`, `checkin_date`, `checkout_date`) VALUES ('53', '21', '27', 'Hoang Vien', '0232223521', 'vienne21@gmail.com', '2002-05-28 00:00:00', '0', '2250000', '2022-05-21 00:00:00', '2022-05-26 00:00:00');
INSERT INTO `hotelbookingdb`.`booking` (`room_id`, `user_id`, `hotel_id`, `fullName`, `phonenumber`, `email`, `birthday`, `status`, `totalprice`, `checkin_date`, `checkout_date`) VALUES ('54', '22', '27', 'Hoang Vien', '0232223522', 'vienne22@gmail.com', '2002-05-28 00:00:00', '0', '1750000', '2022-05-21 00:00:00', '2022-05-26 00:00:00');
INSERT INTO `hotelbookingdb`.`booking` (`room_id`, `user_id`, `hotel_id`, `fullName`, `phonenumber`, `email`, `birthday`, `status`, `totalprice`, `checkin_date`, `checkout_date`) VALUES ('55', '23', '28', 'Hoang Vien', '0232223523', 'vienne23@gmail.com', '2002-05-28 00:00:00', '0', '5000000', '2022-05-21 00:00:00', '2022-05-26 00:00:00');
INSERT INTO `hotelbookingdb`.`booking` (`room_id`, `user_id`, `hotel_id`, `fullName`, `phonenumber`, `email`, `birthday`, `status`, `totalprice`, `checkin_date`, `checkout_date`) VALUES ('56', '24', '28', 'Hoang Vien', '0232223524', 'vienne24@gmail.com', '2002-05-28 00:00:00', '0', '4000000', '2022-05-21 00:00:00', '2022-05-26 00:00:00');
INSERT INTO `hotelbookingdb`.`booking` (`room_id`, `user_id`, `hotel_id`, `fullName`, `phonenumber`, `email`, `birthday`, `status`, `totalprice`, `checkin_date`, `checkout_date`) VALUES ('57', '25', '29', 'Hoang Vien', '0232223525', 'vienne25@gmail.com', '2002-05-28 00:00:00', '0', '15000000', '2022-05-21 00:00:00', '2022-05-26 00:00:00');
INSERT INTO `hotelbookingdb`.`booking` (`room_id`, `user_id`, `hotel_id`, `fullName`, `phonenumber`, `email`, `birthday`, `status`, `totalprice`, `checkin_date`, `checkout_date`) VALUES ('58', '26', '29', 'Hoang Vien', '0232223526', 'vienne26@gmail.com', '2002-05-28 00:00:00', '0', '15000000', '2022-05-13 00:00:00', '2022-05-19 00:00:00');
INSERT INTO `hotelbookingdb`.`booking` (`room_id`, `user_id`, `hotel_id`, `fullName`, `phonenumber`, `email`, `birthday`, `status`, `totalprice`, `checkin_date`, `checkout_date`) VALUES ('59', '27', '30', 'Hoang Vien', '0232223527', 'vienne27@gmail.com', '2002-05-28 00:00:00', '0', '12000000', '2022-05-13 00:00:00', '2022-05-19 00:00:00');
INSERT INTO `hotelbookingdb`.`booking` (`room_id`, `user_id`, `hotel_id`, `fullName`, `phonenumber`, `email`, `birthday`, `status`, `totalprice`, `checkin_date`, `checkout_date`) VALUES ('60', '28', '30', 'Hoang Vien', '0232223528', 'vienne28@gmail.com', '2002-05-28 00:00:00', '0', '10800000', '2022-05-13 00:00:00', '2022-05-19 00:00:00');
INSERT INTO `hotelbookingdb`.`booking` (`room_id`, `user_id`, `hotel_id`, `fullName`, `phonenumber`, `email`, `birthday`, `status`, `totalprice`, `checkin_date`, `checkout_date`) VALUES ('61', '29', '31', 'Hoang Vien', '0232223529', 'vienne29@gmail.com', '2002-05-28 00:00:00', '0', '6000000', '2022-05-13 00:00:00', '2022-05-19 00:00:00');
INSERT INTO `hotelbookingdb`.`booking` (`room_id`, `user_id`, `hotel_id`, `fullName`, `phonenumber`, `email`, `birthday`, `status`, `totalprice`, `checkin_date`, `checkout_date`) VALUES ('62', '30', '31', 'Hoang Vien', '0232223530', 'vienne30@gmail.com', '2002-05-28 00:00:00', '0', '2700000', '2022-05-13 00:00:00', '2022-05-19 00:00:00');
INSERT INTO `hotelbookingdb`.`booking` (`room_id`, `user_id`, `hotel_id`, `fullName`, `phonenumber`, `email`, `birthday`, `status`, `totalprice`, `checkin_date`, `checkout_date`) VALUES ('63', '31', '32', 'Hoang Vien', '0232223531', 'vienne31@gmail.com', '2002-05-28 00:00:00', '0', '10500000', '2022-05-19 00:00:00', '2022-05-26 00:00:00');
INSERT INTO `hotelbookingdb`.`booking` (`room_id`, `user_id`, `hotel_id`, `fullName`, `phonenumber`, `email`, `birthday`, `status`, `totalprice`, `checkin_date`, `checkout_date`) VALUES ('64', '32', '32', 'Hoang Vien', '0232223532', 'vienne32@gmail.com', '2002-05-28 00:00:00', '0', '8400000', '2022-05-19 00:00:00', '2022-05-26 00:00:00');

INSERT INTO `hotelbookingdb`.`booking` (`room_id`, `user_id`, `hotel_id`, `fullName`, `phonenumber`, `email`, `birthday`, `status`, `totalprice`, `checkin_date`, `checkout_date`) VALUES ('2', '1', '1', 'Hoang Vien', '0232223501', 'vienne1@gmail.com', '2002-05-28 00:00:00', '0', '2000000', '2022-06-01 00:00:00', '2022-06-02 00:00:00');
INSERT INTO `hotelbookingdb`.`booking` (`room_id`, `user_id`, `hotel_id`, `fullName`, `phonenumber`, `email`, `birthday`, `status`, `totalprice`, `checkin_date`, `checkout_date`) VALUES ('3', '1', '2', 'Hoang Vien', '0232223501', 'vienne1@gmail.com', '2002-05-28 00:00:00', '0', '3000000', '2022-06-03 00:00:00', '2022-06-04 00:00:00');
INSERT INTO `hotelbookingdb`.`booking` (`room_id`, `user_id`, `hotel_id`, `fullName`, `phonenumber`, `email`, `birthday`, `status`, `totalprice`, `checkin_date`, `checkout_date`) VALUES ('4', '1', '2', 'Hoang Vien', '0232223501', 'vienne1@gmail.com', '2002-05-28 00:00:00', '0', '2500000', '2022-06-05 00:00:00', '2022-06-06 00:00:00');
INSERT INTO `hotelbookingdb`.`booking` (`room_id`, `user_id`, `hotel_id`, `fullName`, `phonenumber`, `email`, `birthday`, `status`, `totalprice`, `checkin_date`, `checkout_date`) VALUES ('5', '1', '3', 'Hoang Vien', '0232223501', 'vienne1@gmail.com', '2002-05-28 00:00:00', '0', '7000000', '2022-05-13 00:00:00', '2022-05-15 00:00:00');
INSERT INTO `hotelbookingdb`.`booking` (`room_id`, `user_id`, `hotel_id`, `fullName`, `phonenumber`, `email`, `birthday`, `status`, `totalprice`, `checkin_date`, `checkout_date`) VALUES ('6', '1', '3', 'Hoang Vien', '0232223501', 'vienne1@gmail.com', '2002-05-28 00:00:00', '0', '500000', '2022-05-17 00:00:00', '2022-05-19 00:00:00');
INSERT INTO `hotelbookingdb`.`booking` (`room_id`, `user_id`, `hotel_id`, `fullName`, `phonenumber`, `email`, `birthday`, `status`, `totalprice`, `checkin_date`, `checkout_date`) VALUES ('7', '1', '4', 'Hoang Vien', '0232223501', 'vienne1@gmail.com', '2002-05-28 00:00:00', '0', '5000000', '2022-05-20 00:00:00', '2022-05-22 00:00:00');
INSERT INTO `hotelbookingdb`.`booking` (`room_id`, `user_id`, `hotel_id`, `fullName`, `phonenumber`, `email`, `birthday`, `status`, `totalprice`, `checkin_date`, `checkout_date`) VALUES ('8', '1', '4', 'Hoang Vien', '0232223501', 'vienne1@gmail.com', '2002-05-28 00:00:00', '0', '6900000', '2022-05-23 00:00:00', '2022-05-26 00:00:00');
INSERT INTO `hotelbookingdb`.`booking` (`room_id`, `user_id`, `hotel_id`, `fullName`, `phonenumber`, `email`, `birthday`, `status`, `totalprice`, `checkin_date`, `checkout_date`) VALUES ('9', '1', '5', 'Hoang Vien', '0232223501', 'vienne1@gmail.com', '2002-05-28 00:00:00', '0', '4500000', '2022-05-27 00:00:00', '2022-05-30 00:00:00');
INSERT INTO `hotelbookingdb`.`booking` (`room_id`, `user_id`, `hotel_id`, `fullName`, `phonenumber`, `email`, `birthday`, `status`, `totalprice`, `checkin_date`, `checkout_date`) VALUES ('10', '1', '5', 'Hoang Vien', '0232223501', 'vienne1@gmail.com', '2002-05-28 00:00:00', '0', '3000000', '2022-05-10 00:00:00', '2022-05-13 00:00:00');

INSERT INTO `hotelbookingdb`.`booking` (`room_id`, `user_id`, `hotel_id`, `fullName`, `phonenumber`, `email`, `birthday`, `status`, `totalprice`, `checkin_date`, `checkout_date`) VALUES ('1', '1', '1', 'Hoang Vien', '0232223501', 'vienne1@gmail.com', '2002-05-28 00:00:00', '0', '18000000', '2022-01-01 00:00:00', '2022-01-05 00:00:00');
INSERT INTO `hotelbookingdb`.`booking` (`room_id`, `user_id`, `hotel_id`, `fullName`, `phonenumber`, `email`, `birthday`, `status`, `totalprice`, `checkin_date`, `checkout_date`) VALUES ('1', '1', '1', 'Hoang Vien', '0232223501', 'vienne1@gmail.com', '2002-05-28 00:00:00', '0', '13500000', '2022-02-01 00:00:00', '2022-02-04 00:00:00');
INSERT INTO `hotelbookingdb`.`booking` (`room_id`, `user_id`, `hotel_id`, `fullName`, `phonenumber`, `email`, `birthday`, `status`, `totalprice`, `checkin_date`, `checkout_date`) VALUES ('1', '1', '1', 'Hoang Vien', '0232223501', 'vienne1@gmail.com', '2002-05-28 00:00:00', '0', '9000000', '2022-03-01 00:00:00', '2022-03-03 00:00:00');
INSERT INTO `hotelbookingdb`.`booking` (`room_id`, `user_id`, `hotel_id`, `fullName`, `phonenumber`, `email`, `birthday`, `status`, `totalprice`, `checkin_date`, `checkout_date`) VALUES ('1', '1', '1', 'Hoang Vien', '0232223501', 'vienne1@gmail.com', '2002-05-28 00:00:00', '0', '4500000', '2022-04-01 00:00:00', '2022-04-02 00:00:00');
INSERT INTO `hotelbookingdb`.`booking` (`room_id`, `user_id`, `hotel_id`, `fullName`, `phonenumber`, `email`, `birthday`, `status`, `totalprice`, `checkin_date`, `checkout_date`) VALUES ('1', '1', '1', 'Hoang Vien', '0232223501', 'vienne1@gmail.com', '2002-05-28 00:00:00', '0', '22500000', '2022-05-01 00:00:00', '2022-05-06 00:00:00');
INSERT INTO `hotelbookingdb`.`booking` (`room_id`, `user_id`, `hotel_id`, `fullName`, `phonenumber`, `email`, `birthday`, `status`, `totalprice`, `checkin_date`, `checkout_date`) VALUES ('1', '1', '1', 'Hoang Vien', '0232223501', 'vienne1@gmail.com', '2002-05-28 00:00:00', '0', '27000000', '2022-06-01 00:00:00', '2022-06-07 00:00:00');
INSERT INTO `hotelbookingdb`.`booking` (`room_id`, `user_id`, `hotel_id`, `fullName`, `phonenumber`, `email`, `birthday`, `status`, `totalprice`, `checkin_date`, `checkout_date`) VALUES ('1', '1', '1', 'Hoang Vien', '0232223501', 'vienne1@gmail.com', '2002-05-28 00:00:00', '0', '13500000', '2022-07-01 00:00:00', '2022-07-04 00:00:00');
INSERT INTO `hotelbookingdb`.`booking` (`room_id`, `user_id`, `hotel_id`, `fullName`, `phonenumber`, `email`, `birthday`, `status`, `totalprice`, `checkin_date`, `checkout_date`) VALUES ('1', '1', '1', 'Hoang Vien', '0232223501', 'vienne1@gmail.com', '2002-05-28 00:00:00', '0', '27000000', '2022-08-01 00:00:00', '2022-08-07 00:00:00');
INSERT INTO `hotelbookingdb`.`booking` (`room_id`, `user_id`, `hotel_id`, `fullName`, `phonenumber`, `email`, `birthday`, `status`, `totalprice`, `checkin_date`, `checkout_date`) VALUES ('1', '1', '1', 'Hoang Vien', '0232223501', 'vienne1@gmail.com', '2002-05-28 00:00:00', '0', '9000000', '2022-09-01 00:00:00', '2022-09-03 00:00:00');
INSERT INTO `hotelbookingdb`.`booking` (`room_id`, `user_id`, `hotel_id`, `fullName`, `phonenumber`, `email`, `birthday`, `status`, `totalprice`, `checkin_date`, `checkout_date`) VALUES ('1', '1', '1', 'Hoang Vien', '0232223501', 'vienne1@gmail.com', '2002-05-28 00:00:00', '0', '4500000', '2022-10-01 00:00:00', '2022-10-02 00:00:00');
INSERT INTO `hotelbookingdb`.`booking` (`room_id`, `user_id`, `hotel_id`, `fullName`, `phonenumber`, `email`, `birthday`, `status`, `totalprice`, `checkin_date`, `checkout_date`) VALUES ('2', '1', '1', 'Hoang Vien', '0232223501', 'vienne1@gmail.com', '2002-05-28 00:00:00', '0', '4000000', '2022-11-01 00:00:00', '2022-11-03 00:00:00');
INSERT INTO `hotelbookingdb`.`booking` (`room_id`, `user_id`, `hotel_id`, `fullName`, `phonenumber`, `email`, `birthday`, `status`, `totalprice`, `checkin_date`, `checkout_date`) VALUES ('2', '1', '1', 'Hoang Vien', '0232223501', 'vienne1@gmail.com', '2002-05-28 00:00:00', '0', '4000000', '2022-12-01 00:00:00', '2022-12-03 00:00:00');
INSERT INTO `hotelbookingdb`.`booking` (`room_id`, `user_id`, `hotel_id`, `fullName`, `phonenumber`, `email`, `birthday`, `status`, `totalprice`, `checkin_date`, `checkout_date`) VALUES ('2', '1', '1', 'Hoang Vien', '0232223501', 'vienne1@gmail.com', '2002-05-28 00:00:00', '0', '4000000', '2022-03-01 00:00:00', '2022-03-03 00:00:00');
INSERT INTO `hotelbookingdb`.`booking` (`room_id`, `user_id`, `hotel_id`, `fullName`, `phonenumber`, `email`, `birthday`, `status`, `totalprice`, `checkin_date`, `checkout_date`) VALUES ('2', '1', '1', 'Hoang Vien', '0232223501', 'vienne1@gmail.com', '2002-05-28 00:00:00', '0', '2000000', '2022-04-01 00:00:00', '2022-04-02 00:00:00');
INSERT INTO `hotelbookingdb`.`booking` (`room_id`, `user_id`, `hotel_id`, `fullName`, `phonenumber`, `email`, `birthday`, `status`, `totalprice`, `checkin_date`, `checkout_date`) VALUES ('2', '1', '1', 'Hoang Vien', '0232223501', 'vienne1@gmail.com', '2002-05-28 00:00:00', '0', '10000000', '2022-05-01 00:00:00', '2022-05-06 00:00:00');
INSERT INTO `hotelbookingdb`.`booking` (`room_id`, `user_id`, `hotel_id`, `fullName`, `phonenumber`, `email`, `birthday`, `status`, `totalprice`, `checkin_date`, `checkout_date`) VALUES ('2', '1', '1', 'Hoang Vien', '0232223501', 'vienne1@gmail.com', '2002-05-28 00:00:00', '0', '12000000', '2022-06-01 00:00:00', '2022-06-07 00:00:00');
INSERT INTO `hotelbookingdb`.`booking` (`room_id`, `user_id`, `hotel_id`, `fullName`, `phonenumber`, `email`, `birthday`, `status`, `totalprice`, `checkin_date`, `checkout_date`) VALUES ('2', '1', '1', 'Hoang Vien', '0232223501', 'vienne1@gmail.com', '2002-05-28 00:00:00', '0', '6000000', '2022-07-01 00:00:00', '2022-07-04 00:00:00');
INSERT INTO `hotelbookingdb`.`booking` (`room_id`, `user_id`, `hotel_id`, `fullName`, `phonenumber`, `email`, `birthday`, `status`, `totalprice`, `checkin_date`, `checkout_date`) VALUES ('2', '1', '1', 'Hoang Vien', '0232223501', 'vienne1@gmail.com', '2002-05-28 00:00:00', '0', '12000000', '2022-08-01 00:00:00', '2022-08-07 00:00:00');
INSERT INTO `hotelbookingdb`.`booking` (`room_id`, `user_id`, `hotel_id`, `fullName`, `phonenumber`, `email`, `birthday`, `status`, `totalprice`, `checkin_date`, `checkout_date`) VALUES ('2', '1', '1', 'Hoang Vien', '0232223501', 'vienne1@gmail.com', '2002-05-28 00:00:00', '0', '8000000', '2022-01-01 00:00:00', '2022-01-05 00:00:00');
INSERT INTO `hotelbookingdb`.`booking` (`room_id`, `user_id`, `hotel_id`, `fullName`, `phonenumber`, `email`, `birthday`, `status`, `totalprice`, `checkin_date`, `checkout_date`) VALUES ('1', '1', '1', 'Hoang Vien', '0232223501', 'vienne1@gmail.com', '2002-05-28 00:00:00', '0', '22500000', '2022-04-15 00:00:00', '2022-04-20 00:00:00');
INSERT INTO `hotelbookingdb`.`booking` (`room_id`, `user_id`, `hotel_id`, `fullName`, `phonenumber`, `email`, `birthday`, `status`, `totalprice`, `checkin_date`, `checkout_date`) VALUES ('1', '1', '1', 'Hoang Vien', '0232223501', 'vienne1@gmail.com', '2002-05-28 00:00:00', '0', '13500000', '2022-05-15 00:00:00', '2022-05-18 00:00:00');
INSERT INTO `hotelbookingdb`.`booking` (`room_id`, `user_id`, `hotel_id`, `fullName`, `phonenumber`, `email`, `birthday`, `status`, `totalprice`, `checkin_date`, `checkout_date`) VALUES ('1', '1', '1', 'Hoang Vien', '0232223501', 'vienne1@gmail.com', '2002-05-28 00:00:00', '0', '27000000', '2022-06-21 00:00:00', '2022-06-27 00:00:00');
INSERT INTO `hotelbookingdb`.`booking` (`room_id`, `user_id`, `hotel_id`, `fullName`, `phonenumber`, `email`, `birthday`, `status`, `totalprice`, `checkin_date`, `checkout_date`) VALUES ('1', '1', '1', 'Hoang Vien', '0232223501', 'vienne1@gmail.com', '2002-05-28 00:00:00', '0', '13500000', '2022-07-11 00:00:00', '2022-07-14 00:00:00');
INSERT INTO `hotelbookingdb`.`booking` (`room_id`, `user_id`, `hotel_id`, `fullName`, `phonenumber`, `email`, `birthday`, `status`, `totalprice`, `checkin_date`, `checkout_date`) VALUES ('1', '1', '1', 'Hoang Vien', '0232223501', 'vienne1@gmail.com', '2002-05-28 00:00:00', '0', '18000000', '2022-08-12 00:00:00', '2022-08-16 00:00:00');
INSERT INTO `hotelbookingdb`.`booking` (`room_id`, `user_id`, `hotel_id`, `fullName`, `phonenumber`, `email`, `birthday`, `status`, `totalprice`, `checkin_date`, `checkout_date`) VALUES ('1', '1', '1', 'Hoang Vien', '0232223501', 'vienne1@gmail.com', '2002-05-28 00:00:00', '0', '22500000', '2022-04-21 00:00:00', '2022-04-26 00:00:00');
INSERT INTO `hotelbookingdb`.`booking` (`room_id`, `user_id`, `hotel_id`, `fullName`, `phonenumber`, `email`, `birthday`, `status`, `totalprice`, `checkin_date`, `checkout_date`) VALUES ('1', '1', '1', 'Hoang Vien', '0232223501', 'vienne1@gmail.com', '2002-05-28 00:00:00', '0', '13500000', '2022-05-19 00:00:00', '2022-05-22 00:00:00');
INSERT INTO `hotelbookingdb`.`booking` (`room_id`, `user_id`, `hotel_id`, `fullName`, `phonenumber`, `email`, `birthday`, `status`, `totalprice`, `checkin_date`, `checkout_date`) VALUES ('1', '1', '1', 'Hoang Vien', '0232223501', 'vienne1@gmail.com', '2002-05-28 00:00:00', '0', '9000000', '2022-06-28 00:00:00', '2022-06-30 00:00:00');
INSERT INTO `hotelbookingdb`.`booking` (`room_id`, `user_id`, `hotel_id`, `fullName`, `phonenumber`, `email`, `birthday`, `status`, `totalprice`, `checkin_date`, `checkout_date`) VALUES ('1', '1', '1', 'Hoang Vien', '0232223501', 'vienne1@gmail.com', '2002-05-28 00:00:00', '0', '13500000', '2022-07-15 00:00:00', '2022-07-18 00:00:00');
INSERT INTO `hotelbookingdb`.`booking` (`room_id`, `user_id`, `hotel_id`, `fullName`, `phonenumber`, `email`, `birthday`, `status`, `totalprice`, `checkin_date`, `checkout_date`) VALUES ('1', '1', '1', 'Hoang Vien', '0232223501', 'vienne1@gmail.com', '2002-05-28 00:00:00', '0', '18000000', '2022-08-17 00:00:00', '2022-08-21 00:00:00');
INSERT INTO `hotelbookingdb`.`booking` (`room_id`, `user_id`, `hotel_id`, `fullName`, `phonenumber`, `email`, `birthday`, `status`, `totalprice`, `checkin_date`, `checkout_date`) VALUES ('1', '1', '1', 'Hoang Vien', '0232223501', 'vienne1@gmail.com', '2002-05-28 00:00:00', '0', '9000000', '2022-04-29 00:00:00', '2022-05-01 00:00:00');
INSERT INTO `hotelbookingdb`.`booking` (`room_id`, `user_id`, `hotel_id`, `fullName`, `phonenumber`, `email`, `birthday`, `status`, `totalprice`, `checkin_date`, `checkout_date`) VALUES ('2', '1', '1', 'Hoang Vien', '0232223501', 'vienne1@gmail.com', '2002-05-28 00:00:00', '0', '4000000', '2022-04-29 00:00:00', '2022-05-01 00:00:00');
INSERT INTO `hotelbookingdb`.`booking` (`room_id`, `user_id`, `hotel_id`, `fullName`, `phonenumber`, `email`, `birthday`, `status`, `totalprice`, `checkin_date`, `checkout_date`) VALUES ('2', '1', '1', 'Hoang Vien', '0232223501', 'vienne1@gmail.com', '2002-05-28 00:00:00', '0', '10000000', '2022-04-15 00:00:00', '2022-04-20 00:00:00');
INSERT INTO `hotelbookingdb`.`booking` (`room_id`, `user_id`, `hotel_id`, `fullName`, `phonenumber`, `email`, `birthday`, `status`, `totalprice`, `checkin_date`, `checkout_date`) VALUES ('2', '1', '1', 'Hoang Vien', '0232223501', 'vienne1@gmail.com', '2002-05-28 00:00:00', '0', '6000000', '2022-05-15 00:00:00', '2022-05-18 00:00:00');
INSERT INTO `hotelbookingdb`.`booking` (`room_id`, `user_id`, `hotel_id`, `fullName`, `phonenumber`, `email`, `birthday`, `status`, `totalprice`, `checkin_date`, `checkout_date`) VALUES ('2', '1', '1', 'Hoang Vien', '0232223501', 'vienne1@gmail.com', '2002-05-28 00:00:00', '0', '12000000', '2022-06-21 00:00:00', '2022-06-27 00:00:00');
INSERT INTO `hotelbookingdb`.`booking` (`room_id`, `user_id`, `hotel_id`, `fullName`, `phonenumber`, `email`, `birthday`, `status`, `totalprice`, `checkin_date`, `checkout_date`) VALUES ('2', '1', '1', 'Hoang Vien', '0232223501', 'vienne1@gmail.com', '2002-05-28 00:00:00', '0', '6000000', '2022-07-11 00:00:00', '2022-07-14 00:00:00');
INSERT INTO `hotelbookingdb`.`booking` (`room_id`, `user_id`, `hotel_id`, `fullName`, `phonenumber`, `email`, `birthday`, `status`, `totalprice`, `checkin_date`, `checkout_date`) VALUES ('2', '1', '1', 'Hoang Vien', '0232223501', 'vienne1@gmail.com', '2002-05-28 00:00:00', '0', '8000000', '2022-08-12 00:00:00', '2022-08-16 00:00:00');
INSERT INTO `hotelbookingdb`.`booking` (`room_id`, `user_id`, `hotel_id`, `fullName`, `phonenumber`, `email`, `birthday`, `status`, `totalprice`, `checkin_date`, `checkout_date`) VALUES ('2', '1', '1', 'Hoang Vien', '0232223501', 'vienne1@gmail.com', '2002-05-28 00:00:00', '0', '10000000', '2022-04-21 00:00:00', '2022-04-26 00:00:00');
INSERT INTO `hotelbookingdb`.`booking` (`room_id`, `user_id`, `hotel_id`, `fullName`, `phonenumber`, `email`, `birthday`, `status`, `totalprice`, `checkin_date`, `checkout_date`) VALUES ('2', '1', '1', 'Hoang Vien', '0232223501', 'vienne1@gmail.com', '2002-05-28 00:00:00', '0', '6000000', '2022-05-19 00:00:00', '2022-05-22 00:00:00');
INSERT INTO `hotelbookingdb`.`booking` (`room_id`, `user_id`, `hotel_id`, `fullName`, `phonenumber`, `email`, `birthday`, `status`, `totalprice`, `checkin_date`, `checkout_date`) VALUES ('2', '1', '1', 'Hoang Vien', '0232223501', 'vienne1@gmail.com', '2002-05-28 00:00:00', '0', '4000000', '2022-06-28 00:00:00', '2022-06-30 00:00:00');
INSERT INTO `hotelbookingdb`.`booking` (`room_id`, `user_id`, `hotel_id`, `fullName`, `phonenumber`, `email`, `birthday`, `status`, `totalprice`, `checkin_date`, `checkout_date`) VALUES ('2', '1', '1', 'Hoang Vien', '0232223501', 'vienne1@gmail.com', '2002-05-28 00:00:00', '0', '6000000', '2022-07-15 00:00:00', '2022-07-18 00:00:00');
INSERT INTO `hotelbookingdb`.`booking` (`room_id`, `user_id`, `hotel_id`, `fullName`, `phonenumber`, `email`, `birthday`, `status`, `totalprice`, `checkin_date`, `checkout_date`) VALUES ('2', '1', '1', 'Hoang Vien', '0232223501', 'vienne1@gmail.com', '2002-05-28 00:00:00', '0', '4000000', '2022-08-17 00:00:00', '2022-08-21 00:00:00');

